{
    "tag": "Test",
    "main_capacity": {
        "name": "Mixed Sidesway + Mixed Sidesway",
        "mass": 1053.4471928746823,
        "disp": [
            0.0,
            0.016369830257488848,
            0.01845114180010522,
            0.02113765336744222,
            0.021635653520783973
        ],
        "base_shear": [
            0.0,
            2457.1012726118042,
            2575.138871532764,
            2575.138871532764,
            1046.421177627615
        ]
    },
    "cross_capacity": {
        "name": "Mixed Sidesway + Mixed Sidesway",
        "mass": 1053.4471928746825,
        "disp": [
            0.0,
            0.015141593042370798,
            0.021025732837528496,
            0.04593388237966101,
            0.051861982244303544
        ],
        "base_shear": [
            0.0,
            2747.1437303339353,
            2939.315444370281,
            2939.315444370281,
            686.6850990833474
        ]
    },
    "masses": [
        446.2793068297655,
        446.2793068297655,
        342.15086646279303
    ]
}