{
    "columns":[
        {
            "h"     : 0.3,
            "b"     : 0.3,
            "As"    : 0.000509,
            "As1"   : 0.000509,
            "cover" : 0.03,
            "eq_bar_diameter"   : 0.018,
            "Ast"   : 0.0000565,
            "s"     : 0.15,
            "id"    : "Col_sez_0"
        }
    ],
    "beams":[
        {
            "h"     : 0.5,
            "b"     : 0.3,
            "As"    : 0.000735,
            "As1"   : 0.000735,
            "cover" : 0.03,
            "eq_bar_diameter"   : 0.015,
            "Ast"   : 0.000101,
            "s"     : 0.15,
            "id"    : "Beam_sez_0"
        },  
        {
            "h"     : 0.5,
            "b"     : 0.3,
            "As"    : 0.000481,
            "As1"   : 0.000735,
            "cover" : 0.03,
            "eq_bar_diameter"   : 0.014,
            "Ast"   : 0.000101,
            "s"     : 0.15,
            "id"    : "Beam_sez_1"
        }
    ]
}