{
    "H": [
        3.0,
        6.0,
        9.0,
        12.0,
        15.0,
        18.0,
        21.0,
        24.0,
        27.0,
        30.0,
        33.0,
        36.0,
        39.0,
        42.0,
        45.0,
        48.0
    ],
    "L": [
        0.0,
        4.3100000000000005,
        8.620000000000001,
        12.930000000000001,
        17.240000000000002,
        21.550000000000004,
        25.860000000000003
    ],
    "m": [
        101.41865443425078,
        101.41865443425078,
        101.41865443425078,
        101.41865443425078,
        101.41865443425078,
        101.41865443425078,
        101.41865443425078,
        101.41865443425078,
        101.41865443425078,
        101.41865443425078,
        101.41865443425078,
        101.41865443425078,
        101.41865443425078,
        101.41865443425078,
        101.41865443425078,
        96.08058103975536
    ],
    "loads": [
        0.0,
        0.0,
        0.0,
        0.0,
        0.0,
        0.0,
        0.0,
        108.845875,
        159.06675,
        159.06675,
        159.06675,
        159.06675,
        159.06675,
        108.845875,
        108.845875,
        159.06675,
        159.06675,
        159.06675,
        159.06675,
        159.06675,
        108.845875,
        108.845875,
        159.06675,
        159.06675,
        159.06675,
        159.06675,
        159.06675,
        108.845875,
        108.845875,
        159.06675,
        159.06675,
        159.06675,
        159.06675,
        159.06675,
        108.845875,
        108.845875,
        159.06675,
        159.06675,
        159.06675,
        159.06675,
        159.06675,
        108.845875,
        108.845875,
        159.06675,
        159.06675,
        159.06675,
        159.06675,
        159.06675,
        108.845875,
        108.845875,
        159.06675,
        159.06675,
        159.06675,
        159.06675,
        159.06675,
        108.845875,
        108.845875,
        159.06675,
        159.06675,
        159.06675,
        159.06675,
        159.06675,
        108.845875,
        108.845875,
        159.06675,
        159.06675,
        159.06675,
        159.06675,
        159.06675,
        108.845875,
        108.845875,
        159.06675,
        159.06675,
        159.06675,
        159.06675,
        159.06675,
        108.845875,
        108.845875,
        159.06675,
        159.06675,
        159.06675,
        159.06675,
        159.06675,
        108.845875,
        108.845875,
        159.06675,
        159.06675,
        159.06675,
        159.06675,
        159.06675,
        108.845875,
        108.845875,
        159.06675,
        159.06675,
        159.06675,
        159.06675,
        159.06675,
        108.845875,
        108.845875,
        159.06675,
        159.06675,
        159.06675,
        159.06675,
        159.06675,
        108.845875,
        108.845875,
        159.06675,
        159.06675,
        159.06675,
        159.06675,
        159.06675,
        108.845875,
        78.777375,
        140.67975,
        140.67975,
        140.67975,
        140.67975,
        140.67975,
        78.777375
    ],
    "columns": [
        [
            1,
            0,
            0,
            0,
            0,
            0,
            1
        ],
        [
            3,
            2,
            2,
            2,
            2,
            2,
            3
        ],
        [
            5,
            4,
            4,
            4,
            4,
            4,
            5
        ],
        [
            7,
            6,
            6,
            6,
            6,
            6,
            7
        ],
        [
            9,
            8,
            8,
            8,
            8,
            8,
            9
        ],
        [
            11,
            10,
            10,
            10,
            10,
            10,
            11
        ],
        [
            13,
            12,
            12,
            12,
            12,
            12,
            13
        ],
        [
            15,
            14,
            14,
            14,
            14,
            14,
            15
        ],
        [
            17,
            16,
            16,
            16,
            16,
            16,
            17
        ],
        [
            19,
            18,
            18,
            18,
            18,
            18,
            19
        ],
        [
            21,
            20,
            20,
            20,
            20,
            20,
            21
        ],
        [
            23,
            22,
            22,
            22,
            22,
            22,
            23
        ],
        [
            25,
            24,
            24,
            24,
            24,
            24,
            25
        ],
        [
            27,
            26,
            26,
            26,
            26,
            26,
            27
        ],
        [
            29,
            28,
            28,
            28,
            28,
            28,
            29
        ],
        [
            31,
            30,
            30,
            30,
            30,
            30,
            31
        ]
    ],
    "beams": [
        [
            0,
            0,
            0,
            0,
            0,
            0
        ],
        [
            1,
            1,
            1,
            1,
            1,
            1
        ],
        [
            2,
            2,
            2,
            2,
            2,
            2
        ],
        [
            3,
            3,
            3,
            3,
            3,
            3
        ],
        [
            4,
            4,
            4,
            4,
            4,
            4
        ],
        [
            5,
            5,
            5,
            5,
            5,
            5
        ],
        [
            6,
            6,
            6,
            6,
            6,
            6
        ],
        [
            7,
            7,
            7,
            7,
            7,
            7
        ],
        [
            8,
            8,
            8,
            8,
            8,
            8
        ],
        [
            9,
            9,
            9,
            9,
            9,
            9
        ],
        [
            10,
            10,
            10,
            10,
            10,
            10
        ],
        [
            11,
            11,
            11,
            11,
            11,
            11
        ],
        [
            12,
            12,
            12,
            12,
            12,
            12
        ],
        [
            13,
            13,
            13,
            13,
            13,
            13
        ],
        [
            14,
            14,
            14,
            14,
            14,
            14
        ],
        [
            15,
            15,
            15,
            15,
            15,
            15
        ]
    ]
}