{
    "columns": [
        {
            "id": "Col_sez_0",
            "h": 0.4,
            "b": 0.3,
            "As": 0.001056,
            "As1": 0.001056,
            "cover": 0.03,
            "eq_bar_diameter": 0.014,
            "Ast": 5.6999999999999996e-05,
            "s": 0.25
        }
    ],
    "beams": [
        {
            "id": "Beam_sez_0",
            "h": 0.7,
            "b": 0.3,
            "As": 0.000686,
            "As1": 0.001372,
            "cover": 0.03,
            "eq_bar_diameter": 0.014,
            "Ast": 5.6999999999999996e-05,
            "s": 0.15
        }
    ]
}