{
    "columns":[
        {
            "h"     : 0.4,
            "b"     : 0.4,
            "As"    : 0.000710,
            "As1"   : 0.000710,
            "cover" : 0.03,
            "eq_bar_diameter"   : 0.015,
            "Ast"   : 0.0000565,
            "s"     : 0.15,
            "id"    : "Col_sez_0"
        },
        {
            "h"     : 0.4,
            "b"     : 0.4,
            "As"    : 0.000615,
            "As1"   : 0.000615,
            "cover" : 0.03,
            "eq_bar_diameter"   : 0.014,
            "Ast"   : 0.0000565,
            "s"     : 0.15,
            "id"    : "Col_sez_1"
        },
        {
            "h"     : 0.4,
            "b"     : 0.4,
            "As"    : 0.000462,
            "As1"   : 0.000462,
            "cover" : 0.03,
            "eq_bar_diameter"   : 0.014,
            "Ast"   : 0.0000565,
            "s"     : 0.15,
            "id"    : "Col_sez_2"
        }
    ],
    "beams":[
        {
            "h"     : 0.5,
            "b"     : 0.4,
            "As"    : 0.000402,
            "As1"   : 0.001184,
            "cover" : 0.03,
            "eq_bar_diameter"   : 0.016,
            "Ast"   : 0.000101,
            "s"     : 0.15,
            "id"    : "Beam_sez_0"
        }  
    ]
}