{
    "columns":[
        {
            "id"    : "Col_sez_0",
            "h"     : 0.3,
            "b"     : 0.3,
            "As"    : 0.0005086,
            "As1"   : 0.0005086,
            "cover" : 0.03,
            "eq_bar_diameter"   : 0.018,
            "Ast"   : 0.0000565,
            "s"     : 0.15
        },
        {
            "id"    : "Col_sez_1",
            "h"     : 0.4,
            "b"     : 0.4,
            "As"    : 0.0005086,
            "As1"   : 0.0005086,
            "cover" : 0.03,
            "eq_bar_diameter"   : 0.018,
            "Ast"   : 0.0000565,
            "s"     : 0.15
        }
    ],
    "beams":[
        {
            "id"    : "Beam_sez_0",
            "h"     : 0.5,
            "b"     : 0.3,
            "As"    : 0.0007346,
            "As1"   : 0.0007346,
            "cover" : 0.03,
            "eq_bar_diameter"   : 0.015,
            "Ast"   : 0.00005655,
            "s"     : 0.15
        },
        {
            "id"    : "Beam_sez_1",
            "h"     : 0.5,
            "b"     : 0.3,
            "As"    : 0.0004806,
            "As1"   : 0.0007346,
            "cover" : 0.03,
            "eq_bar_diameter"   : 0.015,
            "Ast"   : 0.0001005,
            "s"     : 0.15
        }
    ]
}