damaged_curves_classic,damaged_curves_sub_stiff,damaged_curves_modified,damaged_curves_sub_stiff_bil,damaged_curves_modified_bil,classic_SLaMA,stiffness_SLaMA,stiffness_SLaMA_bil
0.655060050691398,0.6949641963503783,0.6618395213368323,0.6150237337219009,0.6022771934541546,0.7085208367835466,0.7182978676484433,0.6788321677218729
0.658981861435575,0.6853905495734646,0.6589818614355749,0.6118755279945729,0.5990620055323345,0.7085208367835466,0.7182978676484433,0.6788321677218729
0.655060050691398,0.6949641963503783,0.6618395213368323,0.6176822298424329,0.6049917038909752,0.7085208367835466,0.7182978676484433,0.6788321677218729
0.6218411817186621,0.6436050675589722,0.6132866910449134,0.5826814742267493,0.5674150258358274,0.7085208367835466,0.7182978676484433,0.6788321677218729
0.655060050691398,0.6949641963503783,0.6618395213368323,0.6150237337219009,0.6022771934541546,0.7085208367835466,0.7182978676484433,0.6788321677218729
0.6617350715166064,0.690390080568054,0.6685836245426474,0.6199531014487744,0.6136415956567631,0.7085208367835466,0.7182978676484433,0.6788321677218729
0.6449107694416384,0.6723323884139474,0.6402864326881004,0.6031034499564893,0.5875593945371845,0.7085208367835466,0.7182978676484433,0.6788321677218729
0.6460361130901223,0.6853905495734646,0.6527221915037917,0.6067727836781306,0.5938491691720154,0.7085208367835466,0.7182978676484433,0.6788321677218729
0.6409785642422013,0.6656852841518767,0.6400358568609841,0.5976865906062466,0.5833248053130158,0.7085208367835466,0.7182978676484433,0.6788321677218729
0.6566161569541191,0.684535489240424,0.6566161569541191,0.6127409814441135,0.600482827066036,0.7085208367835466,0.7182978676484433,0.6788321677218729
0.6566161569541191,0.684535489240424,0.6566161569541191,0.6104867699769235,0.5976434731766445,0.7085208367835466,0.7182978676484433,0.6788321677218729
0.655060050691398,0.6949641963503783,0.6618395213368323,0.6151251527859284,0.6023807585769131,0.7085208367835466,0.7182978676484433,0.6788321677218729
0.6488127447159354,0.6748139056549707,0.6488127447159353,0.60467192366138,0.5933069220629246,0.7085208367835466,0.7182978676484433,0.6788321677218729
0.658981861435575,0.6853905495734646,0.6589818614355749,0.6089487848084719,0.5960723506702018,0.7085208367835466,0.7182978676484433,0.6788321677218729
0.6483189139930102,0.6878124113451128,0.6550286179990115,0.6121185598169168,0.5940456485839362,0.7085208367835466,0.7182978676484433,0.6788321677218729
0.6378172282868707,0.6649372297456766,0.6332437558150737,0.5981134825333484,0.5791186898688379,0.7085208367835466,0.7182978676484433,0.6788321677218729
0.6504658394161583,0.6755382493246966,0.643339489898508,0.6047610352571842,0.5876419668940603,0.7085208367835466,0.7182978676484433,0.6788321677218729
0.6504658394161583,0.6755382493246966,0.643339489898508,0.6053457095393283,0.5892784839684675,0.7085208367835466,0.7182978676484433,0.6788321677218729
0.6620330607636215,0.682320021358184,0.6500099422950532,0.6098243414296692,0.5882828939885885,0.7085208367835466,0.7182978676484433,0.6788321677218729
0.6378172282868707,0.6649372297456766,0.6332437558150737,0.59807305303633,0.5789766942832453,0.7085208367835466,0.7182978676484433,0.6788321677218729
0.655060050691398,0.6908825555660564,0.6618395213368323,0.6136828813408637,0.6016786825800253,0.7085208367835466,0.7182978676484433,0.6788321677218729
0.6680668016971322,0.688360794640267,0.6555508632304636,0.6118298973036966,0.596271151607416,0.7085208367835466,0.7182978676484433,0.6788321677218729
0.655060050691398,0.6949641963503783,0.6622264395632,0.6177992743563849,0.6051112030933332,0.7085208367835466,0.7182978676484433,0.6788321677218729
0.6661625784178344,0.6886279627374171,0.6558052970652753,0.6104144336125595,0.5960876130482975,0.7085208367835466,0.7182978676484433,0.6788321677218729
0.6617350715166064,0.690390080568054,0.6685836245426474,0.617416365465423,0.6110786596410946,0.7085208367835466,0.7182978676484433,0.6788321677218729
0.6368843292320591,0.675681268558116,0.6434756922834444,0.5999092075699399,0.5868344588050183,0.7085208367835466,0.7182978676484433,0.6788321677218729
0.655060050691398,0.6908825555660564,0.6618395213368323,0.6156695547387643,0.6037048607164253,0.7085208367835466,0.7182978676484433,0.6788321677218729
0.6449107694416384,0.6723323884139474,0.6402864326881004,0.6031034499564893,0.5875593945371845,0.7085208367835466,0.7182978676484433,0.6788321677218729
0.658981861435575,0.6853905495734646,0.6589818614355749,0.6109805963935269,0.5981479030166161,0.7085208367835466,0.7182978676484433,0.6788321677218729
0.6329105307498611,0.6542545371138577,0.6290455463505742,0.5889538429637753,0.5742304241533537,0.7085208367835466,0.7182978676484433,0.6788321677218729
0.6630738175018894,0.7034661359898269,0.6699362257296014,0.6191141740088006,0.612839151203773,0.7085208367835466,0.7182978676484433,0.6788321677218729
0.6457447968291278,0.667521620540228,0.6357049645728713,0.5976905781222217,0.5832549763953861,0.7085208367835466,0.7182978676484433,0.6788321677218729
0.6140404555709125,0.6386481175479717,0.6140404555709124,0.5786183766710512,0.5663447858967189,0.7085208367835466,0.7182978676484433,0.6788321677218729
0.6496504396449958,0.677273589490302,0.6496504396449958,0.6062175982031422,0.5878022673410598,0.7085208367835466,0.7182978676484433,0.6788321677218729
0.6426060962796589,0.6642770717843417,0.632615063529297,0.5981711592683774,0.5841685123216835,0.7085208367835466,0.7182978676484433,0.6788321677218729
0.6401308357861316,0.6648048797364347,0.6376902762795502,0.5975864071222168,0.5843895424177648,0.7085208367835466,0.7182978676484433,0.6788321677218729
0.658981861435575,0.6853905495734646,0.6589818614355749,0.6094676263125717,0.5966023904049209,0.7085208367835466,0.7182978676484433,0.6788321677218729
0.6575771808277705,0.6857145084799848,0.6575771808277705,0.6107929397405928,0.5985563867473613,0.7085208367835466,0.7182978676484433,0.6788321677218729
0.6504658394161583,0.6755382493246966,0.643339489898508,0.605302789559925,0.5891275193127675,0.7085208367835466,0.7182978676484433,0.6788321677218729
0.6574786683880111,0.6714848076696937,0.6502754879788174,0.6094042130384982,0.598292905966043,0.7085208367835466,0.7182978676484433,0.6788321677218729
0.655060050691398,0.6949641963503783,0.6618395213368323,0.6150237337219009,0.6022771934541546,0.7085208367835466,0.7182978676484433,0.6788321677218729
0.658981861435575,0.6853905495734646,0.6589818614355749,0.6094676263125717,0.5966023904049209,0.7085208367835466,0.7182978676484433,0.6788321677218729
0.6369076757187141,0.6585411689553227,0.636907675718714,0.5956426354801065,0.5830068442255176,0.7085208367835466,0.7182978676484433,0.6788321677218729
0.6173147106565156,0.6411092999035746,0.6149611397903424,0.5808520774830858,0.5692212354308731,0.7085208367835466,0.7182978676484433,0.6788321677218729
0.6617350715166064,0.690390080568054,0.6685836245426474,0.6186412498784211,0.6123162222049643,0.7085208367835466,0.7182978676484433,0.6788321677218729
0.6730729384273628,0.6957713647976854,0.662608217021602,0.612698443571656,0.6042913724271574,0.7085208367835466,0.7182978676484433,0.6788321677218729
0.6367495220192766,0.6755382493246966,0.643339489898508,0.6005879870220788,0.5875283438856531,0.7085208367835466,0.7182978676484433,0.6788321677218729
0.6566161569541191,0.684535489240424,0.6566161569541191,0.6104074106927556,0.5975624082406957,0.7085208367835466,0.7182978676484433,0.6788321677218729
0.6566161569541191,0.684535489240424,0.6566161569541191,0.6127028032703448,0.6003789345509507,0.7085208367835466,0.7182978676484433,0.6788321677218729
0.6107328548460111,0.6342737443953457,0.6098346307830959,0.5760270965841066,0.5600555604876333,0.7085208367835466,0.7182978676484433,0.6788321677218729
0.6680668016971322,0.688360794640267,0.6555508632304636,0.6132353254112792,0.5977131647679006,0.7085208367835466,0.7182978676484433,0.6788321677218729
0.6415135548031353,0.66396595612715,0.6323187768447202,0.5970606283807497,0.5807902758511632,0.7085208367835466,0.7182978676484433,0.6788321677218729
0.655060050691398,0.6949641963503783,0.6622264395632,0.6151412840749542,0.6023972311416852,0.7085208367835466,0.7182978676484433,0.6788321677218729
0.655060050691398,0.6949641963503783,0.6618395213368323,0.6150237337219009,0.6022771934541546,0.7085208367835466,0.7182978676484433,0.6788321677218729
0.6529782379033394,0.6793218121797641,0.6529782379033393,0.6074542712736142,0.5886186281092541,0.7085208367835466,0.7182978676484433,0.6788321677218729
0.6647562709748744,0.6871742295785715,0.6544208544377925,0.6124216409403105,0.597530841255089,0.7085208367835466,0.7182978676484433,0.6788321677218729
0.6566161569541191,0.684535489240424,0.6566161569541191,0.6118952830464395,0.5990821831170309,0.7085208367835466,0.7182978676484433,0.6788321677218729
0.658981861435575,0.6853905495734646,0.6589818614355749,0.6108105891177449,0.597974247348623,0.7085208367835466,0.7182978676484433,0.6788321677218729
0.6440472173048036,0.6587360528946776,0.6440472173048034,0.600954135961284,0.5919894681317032,0.7085208367835466,0.7182978676484433,0.6788321677218729
0.6488127447159354,0.6748139056549707,0.6488127447159353,0.6041635454648198,0.5919242481200572,0.7085208367835466,0.7182978676484433,0.6788321677218729
0.658981861435575,0.6853905495734646,0.6589818614355749,0.6117018488386531,0.598884610410396,0.7085208367835466,0.7182978676484433,0.6788321677218729
0.6519298150772529,0.6683659568064346,0.6476335402636291,0.6080607349551779,0.5964346924140173,0.7085208367835466,0.7182978676484433,0.6788321677218729
0.6173147106565156,0.6411092999035746,0.6149611397903424,0.5808987547679673,0.5693482424646669,0.7085208367835466,0.7182978676484433,0.6788321677218729
0.655060050691398,0.6949641963503783,0.6618395213368323,0.6135434480583913,0.6007655011476319,0.7085208367835466,0.7182978676484433,0.6788321677218729
0.655060050691398,0.6949641963503783,0.6622264395632,0.6151412840749542,0.6023972311416852,0.7085208367835466,0.7182978676484433,0.6788321677218729
0.655060050691398,0.6949641963503783,0.6618395213368323,0.6164218799968516,0.6037048607164253,0.7085208367835466,0.7182978676484433,0.6788321677218729
0.645884311520636,0.6655044627192637,0.6337839522765562,0.5980758286407071,0.5814013334978892,0.7085208367835466,0.7182978676484433,0.6788321677218729
0.6415135548031353,0.66396595612715,0.6323187768447202,0.5970606283807497,0.5807902758511632,0.7085208367835466,0.7182978676484433,0.6788321677218729
0.6120325458451058,0.630787319399508,0.6049038514761749,0.5734761522376027,0.556202658034805,0.7085208367835466,0.7182978676484433,0.6788321677218729
0.655060050691398,0.6949641963503783,0.6618395213368323,0.6150237337219009,0.6022771934541546,0.7085208367835466,0.7182978676484433,0.6788321677218729
0.6446498489738399,0.6672120177920308,0.6354101186862091,0.5993224932221349,0.5825177944562959,0.7085208367835466,0.7182978676484433,0.6788321677218729
0.6566542549770271,0.6796365672812316,0.6472424662084872,0.609498669956584,0.5902737699322357,0.7085208367835466,0.7182978676484433,0.6788321677218729
0.6481813184369561,0.6702134387708458,0.6384766458906448,0.6005838345481155,0.5831278642528835,0.7085208367835466,0.7182978676484433,0.6788321677218729
0.6457447968291278,0.6636011545865547,0.6357049645728713,0.5980619241512697,0.5801937725866091,0.7085208367835466,0.7182978676484433,0.6788321677218729
0.6566161569541191,0.684535489240424,0.6566161569541191,0.6104867699769235,0.5976434731766445,0.7085208367835466,0.7182978676484433,0.6788321677218729
0.6490274263554516,0.6687430565542558,0.6368681822337422,0.6013663598243464,0.585926888864582,0.7085208367835466,0.7182978676484433,0.6788321677218729
0.6409785642422013,0.6656852841518767,0.6400358568609841,0.5987571716542313,0.5862788331262866,0.7085208367835466,0.7182978676484433,0.6788321677218729
0.658981861435575,0.6853905495734646,0.6589818614355749,0.6108105891177449,0.597974247348623,0.7085208367835466,0.7182978676484433,0.6788321677218729
0.638997757352956,0.6585788373498989,0.6273929808045727,0.5932935462316231,0.5775380339863087,0.7085208367835466,0.7182978676484433,0.6788321677218729
0.6587315827378979,0.6811223136735142,0.6488689499767433,0.6079644490751595,0.5870206455551223,0.7085208367835466,0.7182978676484433,0.6788321677218729
0.6545516456121035,0.6726515333884427,0.6490287520797203,0.6045331385101886,0.5902288446209619,0.7085208367835466,0.7182978676484433,0.6788321677218729
0.6647562709748744,0.6871742295785715,0.6544208544377925,0.6093328842241269,0.5950258491759813,0.7085208367835466,0.7182978676484433,0.6788321677218729
0.6519298150772529,0.6683659568064346,0.6472551482125652,0.6080707642024658,0.5964619579971343,0.7085208367835466,0.7182978676484433,0.6788321677218729
0.6426060962796589,0.6642770717843417,0.632615063529297,0.5969372280448789,0.5814981953527296,0.7085208367835466,0.7182978676484433,0.6788321677218729
0.6533369830728023,0.6811168848192897,0.6486522261010975,0.6079734335986492,0.5964110524638688,0.7085208367835466,0.7182978676484433,0.6788321677218729
0.658981861435575,0.6853905495734646,0.6589818614355749,0.6094676263125717,0.5966023904049209,0.7085208367835466,0.7182978676484433,0.6788321677218729
0.6449107694416384,0.6723323884139474,0.6402864326881004,0.6030633549880531,0.5874194393077726,0.7085208367835466,0.7182978676484433,0.6788321677218729
0.6504658394161583,0.6755382493246966,0.643339489898508,0.6047610352571842,0.5876419668940603,0.7085208367835466,0.7182978676484433,0.6788321677218729
0.655060050691398,0.6908825555660564,0.6618395213368323,0.6143712396290105,0.6023807585769131,0.7085208367835466,0.7182978676484433,0.6788321677218729
0.6630738175018894,0.7034661359898269,0.6699362257296014,0.6178237855637988,0.6115355221063975,0.7085208367835466,0.7182978676484433,0.6788321677218729
0.6280252967166637,0.6522327288645915,0.6211448004643991,0.5903600421763897,0.5783401113391644,0.7085208367835466,0.7182978676484433,0.6788321677218729
0.6337277384198722,0.6723323884139474,0.6402864326881004,0.600483941348396,0.5874219850593687,0.7085208367835466,0.7182978676484433,0.6788321677218729
0.655060050691398,0.6949641963503783,0.6618395213368323,0.6164218799968516,0.6037048607164253,0.7085208367835466,0.7182978676484433,0.6788321677218729
0.655060050691398,0.6949641963503783,0.6618395213368323,0.6143857824399395,0.6022771934541546,0.7085208367835466,0.7182978676484433,0.6788321677218729
0.641728963700476,0.6674462422223734,0.641728963700476,0.5989290706221964,0.5828527526196605,0.7085208367835466,0.7182978676484433,0.6788321677218729
0.655060050691398,0.6949641963503783,0.6618395213368323,0.6164218799968516,0.6037048607164253,0.7085208367835466,0.7182978676484433,0.6788321677218729
0.658981861435575,0.6853905495734646,0.6589818614355749,0.6094676263125717,0.5966023904049209,0.7085208367835466,0.7182978676484433,0.6788321677218729
0.6566161569541191,0.684535489240424,0.6566161569541191,0.6104867699769235,0.5976434731766445,0.7085208367835466,0.7182978676484433,0.6788321677218729
0.6449107694416384,0.6723323884139474,0.6402864326881004,0.604070456601246,0.5902024759461374,0.7085208367835466,0.7182978676484433,0.6788321677218729
0.6630738175018894,0.7034661359898269,0.6699362257296014,0.6177221214761329,0.6114328124581928,0.7085208367835466,0.7182978676484433,0.6788321677218729
0.6636464521843597,0.6868734851443636,0.6541344446436964,0.6141946470402597,0.5985571891001875,0.7085208367835466,0.7182978676484433,0.6788321677218729
0.6680668016971322,0.688360794640267,0.6555508632304636,0.611897684320664,0.5963407072149051,0.7085208367835466,0.7182978676484433,0.6788321677218729
0.655060050691398,0.6949641963503783,0.6618395213368323,0.6150237337219009,0.6022771934541546,0.7085208367835466,0.7182978676484433,0.6788321677218729
0.6345652784103021,0.6615470068945234,0.6345652784103021,0.5953179461914949,0.5826675732802429,0.7085208367835466,0.7182978676484433,0.6788321677218729
0.655060050691398,0.6949641963503783,0.6618395213368323,0.6164218799968516,0.6037048607164253,0.7085208367835466,0.7182978676484433,0.6788321677218729
0.6510929271309966,0.6771854663458552,0.6510929271309965,0.60530214820949,0.5914633947580903,0.7085208367835466,0.7182978676484433,0.6788321677218729
0.658981861435575,0.6853905495734646,0.6589818614355749,0.613237067845895,0.600532126764583,0.7085208367835466,0.7182978676484433,0.6788321677218729
0.6588846750121216,0.684281591580693,0.6516660907277042,0.609692698609832,0.5986329410111825,0.7085208367835466,0.7182978676484433,0.6788321677218729
0.6566161569541191,0.6805150979945549,0.6566161569541191,0.6082918789970296,0.5961791410927985,0.7085208367835466,0.7182978676484433,0.6788321677218729
0.6617350715166064,0.690390080568054,0.6685836245426474,0.6174373875073538,0.6110998997022747,0.7085208367835466,0.7182978676484433,0.6788321677218729
0.6617350715166064,0.690390080568054,0.6685836245426474,0.6188300805467779,0.6125070028283396,0.7085208367835466,0.7182978676484433,0.6788321677218729
0.655060050691398,0.6949641963503783,0.6618395213368323,0.6150237337219009,0.6022771934541546,0.7085208367835466,0.7182978676484433,0.6788321677218729
0.6496504396449958,0.677273589490302,0.6496504396449958,0.6072860185790643,0.5907359174220108,0.7085208367835466,0.7182978676484433,0.6788321677218729
0.6449107694416384,0.6723323884139474,0.6402864326881004,0.6025364793442055,0.5859758764996168,0.7085208367835466,0.7182978676484433,0.6788321677218729
0.655060050691398,0.6949641963503783,0.6618395213368323,0.6150237337219009,0.6022771934541546,0.7085208367835466,0.7182978676484433,0.6788321677218729
0.655060050691398,0.6949641963503783,0.6618395213368323,0.6159926253781691,0.6032665573642175,0.7085208367835466,0.7182978676484433,0.6788321677218729
0.6504658394161583,0.6755382493246966,0.643339489898508,0.605302789559925,0.5891275193127675,0.7085208367835466,0.7182978676484433,0.6788321677218729
0.6457447968291278,0.667521620540228,0.6357049645728713,0.5999796975935301,0.58465955396529,0.7085208367835466,0.7182978676484433,0.6788321677218729
0.6504658394161583,0.6755382493246966,0.643339489898508,0.6063666986844978,0.5920378793711661,0.7085208367835466,0.7182978676484433,0.6788321677218729
0.6306939613343935,0.6561385048913941,0.6306939613343934,0.5910750275490485,0.5735024255652567,0.7085208367835466,0.7182978676484433,0.6788321677218729
0.6553884685884468,0.6774905113967223,0.651386218533347,0.6064688656303463,0.5920196868193918,0.7085208367835466,0.7182978676484433,0.6788321677218729
0.6574786683880111,0.6714848076696937,0.6502754879788174,0.6092805389744644,0.5981669345870222,0.7085208367835466,0.7182978676484433,0.6788321677218729
0.6388037949708449,0.666137820859557,0.634594021784056,0.5987925769778882,0.5794510498991762,0.7085208367835466,0.7182978676484433,0.6788321677218729
0.6566161569541191,0.684535489240424,0.6566161569541191,0.6104867699769235,0.5976434731766445,0.7085208367835466,0.7182978676484433,0.6788321677218729
0.655060050691398,0.6949641963503783,0.6618395213368323,0.6150237337219009,0.6022771934541546,0.7085208367835466,0.7182978676484433,0.6788321677218729
0.6730729384273628,0.6957713647976854,0.662608217021602,0.6127992364069488,0.6043952665520546,0.7085208367835466,0.7182978676484433,0.6788321677218729
0.6452301494619997,0.684535489240424,0.6519078866453463,0.6086622604199623,0.5957796337349265,0.7085208367835466,0.7182978676484433,0.6788321677218729
0.6449107694416384,0.6723323884139474,0.6402864326881004,0.6028595670494792,0.5875593945371845,0.7085208367835466,0.7182978676484433,0.6788321677218729
0.655060050691398,0.6949641963503783,0.6622264395632,0.6138077965602075,0.6010354696953272,0.7085208367835466,0.7182978676484433,0.6788321677218729
0.6483189139930102,0.6878124113451128,0.6550286179990115,0.6134557192883792,0.5954233962961113,0.7085208367835466,0.7182978676484433,0.6788321677218729
0.6566161569541191,0.684535489240424,0.6566161569541191,0.6104867699769235,0.5976434731766445,0.7085208367835466,0.7182978676484433,0.6788321677218729
0.6304908601514074,0.6489726545892563,0.6295635773672202,0.5898825293393463,0.5791499776229406,0.7085208367835466,0.7182978676484433,0.6788321677218729
0.6617350715166064,0.690390080568054,0.6685836245426474,0.6208809984853518,0.6145790219364728,0.7085208367835466,0.7182978676484433,0.6788321677218729
0.6400358568609842,0.6656852841518767,0.6400358568609841,0.5964133222704219,0.5847101771823684,0.7085208367835466,0.7182978676484433,0.6788321677218729
0.6504658394161583,0.6755382493246966,0.643339489898508,0.605302789559925,0.5891275193127675,0.7085208367835466,0.7182978676484433,0.6788321677218729
0.6449107694416384,0.6723323884139474,0.6402864326881004,0.6034680541437534,0.5885267059844682,0.7085208367835466,0.7182978676484433,0.6788321677218729
0.6500932960195418,0.6698413043448843,0.6425212862464094,0.6003211351544995,0.58409892784255,0.7085208367835466,0.7182978676484433,0.6788321677218729
0.6345652784103021,0.6615470068945234,0.6345652784103021,0.596284031411178,0.5853262505817496,0.7085208367835466,0.7182978676484433,0.6788321677218729
0.6680668016971322,0.684317936736958,0.6555508632304636,0.611071918621718,0.596271151607416,0.7085208367835466,0.7182978676484433,0.6788321677218729
0.6449107694416384,0.6723323884139474,0.6402864326881004,0.6028392757385915,0.5868057745053976,0.7085208367835466,0.7182978676484433,0.6788321677218729
0.644364860954457,0.6693750185555505,0.6376779276078686,0.6020791909441289,0.5839917188887715,0.7085208367835466,0.7182978676484433,0.6788321677218729
0.6409785642422013,0.6656852841518767,0.6400358568609841,0.5993203429046997,0.5878113056109131,0.7085208367835466,0.7182978676484433,0.6788321677218729
0.6576265300167617,0.6806428710787781,0.648579750576568,0.6099424371862052,0.5907356924383966,0.7085208367835466,0.7182978676484433,0.6788321677218729
0.655060050691398,0.6949641963503783,0.6618395213368323,0.6150237337219009,0.6022771934541546,0.7085208367835466,0.7182978676484433,0.6788321677218729
0.6589722895611078,0.6871693130675652,0.6589722895611078,0.6112040795037946,0.5990220901991172,0.7085208367835466,0.7182978676484433,0.6788321677218729
0.6504658394161583,0.6755382493246966,0.643339489898508,0.6053457095393283,0.5892784839684675,0.7085208367835466,0.7182978676484433,0.6788321677218729
0.655060050691398,0.6949641963503783,0.6618395213368323,0.6136899907819432,0.6009151599849407,0.7085208367835466,0.7182978676484433,0.6788321677218729
0.655060050691398,0.6949641963503783,0.6618395213368323,0.6150237337219009,0.6022771934541546,0.7085208367835466,0.7182978676484433,0.6788321677218729
0.644364860954457,0.6692021067335887,0.6376779276078686,0.6012428378525706,0.5824495681063352,0.7085208367835466,0.7182978676484433,0.6788321677218729
0.655060050691398,0.6949641963503783,0.6618395213368323,0.6164218799968516,0.6037048607164253,0.7085208367835466,0.7182978676484433,0.6788321677218729
0.655060050691398,0.6949641963503783,0.6618395213368323,0.6150237337219009,0.6022771934541546,0.7085208367835466,0.7182978676484433,0.6788321677218729
0.6488127447159354,0.6748139056549707,0.6488127447159353,0.6041635454648198,0.5919242481200572,0.7085208367835466,0.7182978676484433,0.6788321677218729
0.604752625777466,0.6280630055206466,0.5984767706761214,0.5717948736256908,0.5585945261272308,0.7085208367835466,0.7182978676484433,0.6788321677218729
0.6280252967166637,0.6522327288645915,0.6211448004643991,0.5893768769809229,0.575724844973439,0.7085208367835466,0.7182978676484433,0.6788321677218729
0.655060050691398,0.6949641963503783,0.6618395213368323,0.6164218799968516,0.6037048607164253,0.7085208367835466,0.7182978676484433,0.6788321677218729
0.6280252967166637,0.6522327288645915,0.6211448004643991,0.5882215419243204,0.5724999787580553,0.7085208367835466,0.7182978676484433,0.6788321677218729
0.6564149843550101,0.6964016682029914,0.6632084777346796,0.6181150788096642,0.606036008021738,0.7085208367835466,0.7182978676484433,0.6788321677218729
0.6528740318032132,0.6636863566288485,0.6427233564962551,0.603904210989776,0.5907588760443537,0.7085208367835466,0.7182978676484433,0.6788321677218729
0.655060050691398,0.6949641963503783,0.6618395213368323,0.6150237337219009,0.6022771934541546,0.7085208367835466,0.7182978676484433,0.6788321677218729
0.608704564730901,0.6292322593610049,0.6035685139299889,0.5718168793058237,0.5597389290899478,0.7085208367835466,0.7182978676484433,0.6788321677218729
0.6648940445530109,0.6931653527875995,0.6648940445530109,0.6160017363898379,0.6096946809878341,0.7085208367835466,0.7182978676484433,0.6788321677218729
0.655060050691398,0.6949641963503783,0.6618395213368323,0.6177497247220265,0.6050606144081144,0.7085208367835466,0.7182978676484433,0.6788321677218729
0.6449107694416384,0.6723323884139474,0.6402864326881004,0.6050832218895703,0.5929625055120701,0.7085208367835466,0.7182978676484433,0.6788321677218729
0.6492561783718844,0.6889847482213258,0.6563590725977221,0.6143638054621966,0.5957466601926142,0.7085208367835466,0.7182978676484433,0.6788321677218729
0.655060050691398,0.6949641963503783,0.6618395213368323,0.6150237337219009,0.6022771934541546,0.7085208367835466,0.7182978676484433,0.6788321677218729
0.655060050691398,0.6949641963503783,0.6618395213368323,0.6150237337219009,0.6022771934541546,0.7085208367835466,0.7182978676484433,0.6788321677218729
0.655060050691398,0.6949641963503783,0.6618395213368323,0.6150237337219009,0.6022771934541546,0.7085208367835466,0.7182978676484433,0.6788321677218729
0.6420078378707519,0.6811168848192897,0.6486522261010975,0.6015079953010637,0.5950473369410757,0.7085208367835466,0.7182978676484433,0.6788321677218729
0.6617350715166064,0.690390080568054,0.6685836245426474,0.6174373875073538,0.6110998997022747,0.7085208367835466,0.7182978676484433,0.6788321677218729
0.655060050691398,0.6949641963503783,0.6618395213368323,0.6150237337219009,0.6022771934541546,0.7085208367835466,0.7182978676484433,0.6788321677218729
0.6458848114927292,0.6676663569989738,0.6419405972651697,0.598366899258741,0.5848826706328284,0.7085208367835466,0.7182978676484433,0.6788321677218729
0.6542860394688008,0.6771854663458552,0.6510929271309965,0.6063877242895915,0.5914633947580903,0.7085208367835466,0.7182978676484433,0.6788321677218729
0.6630738175018894,0.7034661359898269,0.6699362257296014,0.6202366805220586,0.6139731302382733,0.7085208367835466,0.7182978676484433,0.6788321677218729
0.6566161569541191,0.6805150979945549,0.6566161569541191,0.6110695141025433,0.5990129458416812,0.7085208367835466,0.7182978676484433,0.6788321677218729
0.6504658394161583,0.6755382493246966,0.643339489898508,0.6053457095393283,0.5892784839684675,0.7085208367835466,0.7182978676484433,0.6788321677218729
0.6636464521843597,0.6868734851443636,0.6541344446436964,0.6115209893626031,0.5958133638998251,0.7085208367835466,0.7182978676484433,0.6788321677218729
0.6449107694416384,0.6723323884139474,0.6402864326881004,0.6030633549880531,0.5874194393077726,0.7085208367835466,0.7182978676484433,0.6788321677218729
0.655060050691398,0.6949641963503783,0.6622264395632,0.6179291350730075,0.6052437861604701,0.7085208367835466,0.7182978676484433,0.6788321677218729
0.6483189139930102,0.6878124113451128,0.6550286179990115,0.6127500961323782,0.5940456485839362,0.7085208367835466,0.7182978676484433,0.6788321677218729
0.655060050691398,0.6949641963503783,0.6618395213368323,0.6150237337219009,0.6022771934541546,0.7085208367835466,0.7182978676484433,0.6788321677218729
0.6504658394161583,0.6755382493246966,0.643339489898508,0.6053457095393283,0.5892784839684675,0.7085208367835466,0.7182978676484433,0.6788321677218729
0.6483189139930102,0.6878124113451128,0.6550286179990115,0.6127500961323782,0.5940456485839362,0.7085208367835466,0.7182978676484433,0.6788321677218729
0.6630738175018894,0.7034661359898269,0.6699362257296014,0.6200198418666202,0.6137540786812501,0.7085208367835466,0.7182978676484433,0.6788321677218729
0.655060050691398,0.6949641963503783,0.6618395213368323,0.6175492802564633,0.6048559648867334,0.7085208367835466,0.7182978676484433,0.6788321677218729
0.6486838163872389,0.6736875376588957,0.6462106478311497,0.6036196173303279,0.5939707916550501,0.7085208367835466,0.7182978676484433,0.6788321677218729
0.658981861435575,0.6853905495734646,0.6589818614355749,0.6109289501329286,0.5980951486379972,0.7085208367835466,0.7182978676484433,0.6788321677218729
0.655060050691398,0.6908825555660564,0.6618395213368323,0.614269696090083,0.6022771934541546,0.7085208367835466,0.7182978676484433,0.6788321677218729
0.6504658394161583,0.6755382493246966,0.643339489898508,0.6053457095393283,0.5892784839684675,0.7085208367835466,0.7182978676484433,0.6788321677218729
0.638803794970845,0.666137820859557,0.634594021784056,0.598752193335312,0.5793091357790007,0.7085208367835466,0.7182978676484433,0.6788321677218729
0.6280252967166637,0.6522327288645915,0.6211448004643991,0.5860294797984339,0.5719463619354389,0.7085208367835466,0.7182978676484433,0.6788321677218729
0.6566161569541191,0.684535489240424,0.6566161569541191,0.6104867699769235,0.5976434731766445,0.7085208367835466,0.7182978676484433,0.6788321677218729
0.6261794141549204,0.6503156961802337,0.6237920457661369,0.5865264375668972,0.5775798216946111,0.7085208367835466,0.7182978676484433,0.6788321677218729
0.6483189139930102,0.6878124113451128,0.6550286179990115,0.6127500961323782,0.5940456485839362,0.7085208367835466,0.7182978676484433,0.6788321677218729
0.6337277384198722,0.6723323884139474,0.6402864326881004,0.599048597961533,0.5859546462256818,0.7085208367835466,0.7182978676484433,0.6788321677218729
0.655060050691398,0.6949641963503783,0.6618395213368323,0.6150237337219009,0.6022771934541546,0.7085208367835466,0.7182978676484433,0.6788321677218729
0.6345652784103021,0.6615470068945234,0.6300151240656747,0.593688890179723,0.5782181920861804,0.7085208367835466,0.7182978676484433,0.6788321677218729
0.6519298150772529,0.6683659568064346,0.6472551482125652,0.6080640555169513,0.5964734630090114,0.7085208367835466,0.7182978676484433,0.6788321677218729
0.6161157386886827,0.6424789564471621,0.612055481788035,0.5820482893835791,0.5639922864285489,0.7085208367835466,0.7182978676484433,0.6788321677218729
0.6296899812889485,0.654924797772648,0.6296899812889483,0.5904045490421483,0.5732146643599167,0.7085208367835466,0.7182978676484433,0.6788321677218729
0.6566161569541191,0.684535489240424,0.6566161569541191,0.6118274957634245,0.5990129458416812,0.7085208367835466,0.7182978676484433,0.6788321677218729
0.6355596460885056,0.6627548568195201,0.6355596460885056,0.5969365025299562,0.5861180787804267,0.7085208367835466,0.7182978676484433,0.6788321677218729
0.658981861435575,0.6853905495734646,0.6589818614355749,0.6108105891177449,0.597974247348623,0.7085208367835466,0.7182978676484433,0.6788321677218729
0.6647562709748744,0.6871742295785715,0.6544208544377925,0.6098748607607749,0.5949203188217446,0.7085208367835466,0.7182978676484433,0.6788321677218729
0.6630738175018894,0.7034661359898269,0.6699362257296014,0.622872927559799,0.6166361558297371,0.7085208367835466,0.7182978676484433,0.6788321677218729
0.6401308357861316,0.6648048797364347,0.6331177141179251,0.5960071444630991,0.5801067243627921,0.7085208367835466,0.7182978676484433,0.6788321677218729
0.622445351442642,0.6489117403868411,0.617982103111036,0.5870059436459589,0.5737496059134456,0.7085208367835466,0.7182978676484433,0.6788321677218729
0.6492561783718844,0.6889847482213258,0.6563590725977221,0.6130286267432421,0.5943696618059908,0.7085208367835466,0.7182978676484433,0.6788321677218729
0.655060050691398,0.6908825555660564,0.6618395213368323,0.6167983301198627,0.6048559648867334,0.7085208367835466,0.7182978676484433,0.6788321677218729
0.6504658394161583,0.6755382493246966,0.643339489898508,0.605302789559925,0.5891275193127675,0.7085208367835466,0.7182978676484433,0.6788321677218729
0.6566161569541191,0.6805150979945549,0.6566161569541191,0.609727121596401,0.5976434731766445,0.7085208367835466,0.7182978676484433,0.6788321677218729
0.6504658394161583,0.6755382493246966,0.643339489898508,0.6053457095393283,0.5892784839684675,0.7085208367835466,0.7182978676484433,0.6788321677218729
0.658981861435575,0.6853905495734646,0.6589818614355749,0.6109289501329286,0.5980951486379972,0.7085208367835466,0.7182978676484433,0.6788321677218729
0.655060050691398,0.6949641963503783,0.6618395213368323,0.6136008802835377,0.6008241548061443,0.7085208367835466,0.7182978676484433,0.6788321677218729
0.655060050691398,0.6908825555660564,0.6618395213368323,0.614269696090083,0.6022771934541546,0.7085208367835466,0.7182978676484433,0.6788321677218729
0.655060050691398,0.6949641963503783,0.6618395213368323,0.6150237337219009,0.6022771934541546,0.7085208367835466,0.7182978676484433,0.6788321677218729
0.6433793152946761,0.6681785729070692,0.6363306040551562,0.6000894539971219,0.5807096080297893,0.7085208367835466,0.7182978676484433,0.6788321677218729
0.658981861435575,0.6853905495734646,0.6589818614355749,0.610395094445954,0.5975498272424404,0.7085208367835466,0.7182978676484433,0.6788321677218729
0.638803794970845,0.6659657452650255,0.634594021784056,0.5984750183204808,0.5793091357790007,0.7085208367835466,0.7182978676484433,0.6788321677218729
0.655060050691398,0.6949641963503783,0.6618395213368323,0.6176822298424329,0.6049917038909752,0.7085208367835466,0.7182978676484433,0.6788321677218729
0.655060050691398,0.6949641963503783,0.6618395213368323,0.6150237337219009,0.6022771934541546,0.7085208367835466,0.7182978676484433,0.6788321677218729
0.655060050691398,0.6949641963503783,0.6618395213368323,0.6175492802564633,0.6048559648867334,0.7085208367835466,0.7182978676484433,0.6788321677218729
0.6424541457437436,0.6817664930952138,0.6494826254012063,0.6106529622689134,0.5874236103334208,0.7085208367835466,0.7182978676484433,0.6788321677218729
0.6504658394161583,0.6755382493246966,0.643339489898508,0.6053457095393283,0.5892784839684675,0.7085208367835466,0.7182978676484433,0.6788321677218729
0.6378172282868707,0.6649372297456766,0.6332437558150737,0.5975590608236683,0.5775597148935061,0.7085208367835466,0.7182978676484433,0.6788321677218729
0.6478797717647464,0.6754276327759388,0.6478797717647464,0.6046220591152317,0.5935066474311173,0.7085208367835466,0.7182978676484433,0.6788321677218729
0.6587315827378979,0.6811223136735142,0.6488689499767433,0.6078628545596877,0.5869136758223656,0.7085208367835466,0.7182978676484433,0.6788321677218729
0.655060050691398,0.6949641963503783,0.6618395213368323,0.6175492802564633,0.6048559648867334,0.7085208367835466,0.7182978676484433,0.6788321677218729
0.6243453819042184,0.6461969125139037,0.6212983889657353,0.5837767144725348,0.5719627402832018,0.7085208367835466,0.7182978676484433,0.6788321677218729
0.655060050691398,0.6949641963503783,0.6618395213368323,0.6129039559984001,0.6007655011476319,0.7085208367835466,0.7182978676484433,0.6788321677218729
0.6312068279667872,0.6555368932351745,0.6242914756124557,0.5908807697256034,0.5752828720911233,0.7085208367835466,0.7182978676484433,0.6788321677218729
0.655060050691398,0.6949641963503783,0.6618395213368323,0.6150237337219009,0.6022771934541546,0.7085208367835466,0.7182978676484433,0.6788321677218729
0.655060050691398,0.6949641963503783,0.6618395213368323,0.6175109940927924,0.604816875210385,0.7085208367835466,0.7182978676484433,0.6788321677218729
0.6449107694416384,0.6723323884139474,0.6402864326881004,0.6024976545470974,0.5858694114653966,0.7085208367835466,0.7182978676484433,0.6788321677218729
0.6647562709748744,0.6871742295785715,0.6548034356347956,0.6099934033414872,0.5950418406121724,0.7085208367835466,0.7182978676484433,0.6788321677218729
0.6483189139930102,0.6878124113451128,0.6550286179990115,0.6152849752872945,0.5966599979096618,0.7085208367835466,0.7182978676484433,0.6788321677218729
0.6617350715166064,0.690390080568054,0.6685836245426474,0.615986541687854,0.6096339717115398,0.7085208367835466,0.7182978676484433,0.6788321677218729
0.6635113871050379,0.6802395178718322,0.6635113871050379,0.6129133033338676,0.6065285461772246,0.7085208367835466,0.7182978676484433,0.6788321677218729
0.6449107694416384,0.6723323884139474,0.6402864326881004,0.6040814010856947,0.5902022887947405,0.7085208367835466,0.7182978676484433,0.6788321677218729
0.6630738175018894,0.7034661359898269,0.6699362257296014,0.6177221214761329,0.6114328124581928,0.7085208367835466,0.7182978676484433,0.6788321677218729
0.6647562709748744,0.6871742295785715,0.6544208544377925,0.6127874703128944,0.5979074993561211,0.7085208367835466,0.7182978676484433,0.6788321677218729
0.6424234286186445,0.6671858412791349,0.6414785962298396,0.5992862465187665,0.5860672370084696,0.7085208367835466,0.7182978676484433,0.6788321677218729
0.6369076757187141,0.6585411689553227,0.636907675718714,0.596764289017171,0.586087912727036,0.7085208367835466,0.7182978676484433,0.6788321677218729
0.6542860394688008,0.6771854663458552,0.6510929271309965,0.605925534985889,0.5901989202088002,0.7085208367835466,0.7182978676484433,0.6788321677218729
0.655060050691398,0.6949641963503783,0.6618395213368323,0.6200582321836207,0.6074173491204071,0.7085208367835466,0.7182978676484433,0.6788321677218729
0.6345652784103021,0.6615470068945234,0.6345652784103021,0.5953585627818188,0.5828086696202555,0.7085208367835466,0.7182978676484433,0.6788321677218729
0.6280252967166637,0.6522327288645915,0.6215079281362368,0.5888749252453656,0.5743535168815638,0.7085208367835466,0.7182978676484433,0.6788321677218729
0.6466124640785214,0.6551932010590915,0.6405833658031198,0.5982180345927799,0.5877418930573138,0.7085208367835466,0.7182978676484433,0.6788321677218729
0.658981861435575,0.6853905495734646,0.6589818614355749,0.6108105891177449,0.597974247348623,0.7085208367835466,0.7182978676484433,0.6788321677218729
0.6041029676093103,0.6297894380215906,0.6041029676093103,0.570457435079806,0.562992118801499,0.7085208367835466,0.7182978676484433,0.6788321677218729
0.655060050691398,0.6949641963503783,0.6622264395632,0.6145553015714738,0.6017988396494218,0.7085208367835466,0.7182978676484433,0.6788321677218729
0.6558226958824097,0.6707800957392678,0.6558226958824096,0.6085667537818812,0.6021359096855468,0.7085208367835466,0.7182978676484433,0.6788321677218729
0.6566161569541191,0.684535489240424,0.6566161569541191,0.6099687953604603,0.5971143575792468,0.7085208367835466,0.7182978676484433,0.6788321677218729
0.655060050691398,0.6949641963503783,0.6622264395632,0.6146272320439584,0.601872294663746,0.7085208367835466,0.7182978676484433,0.6788321677218729
0.655060050691398,0.6949641963503783,0.6618395213368323,0.6175492802564633,0.6048559648867334,0.7085208367835466,0.7182978676484433,0.6788321677218729
0.6542860394688008,0.6771854663458552,0.6510929271309965,0.6063877242895915,0.5914633947580903,0.7085208367835466,0.7182978676484433,0.6788321677218729
0.6636464521843597,0.6868734851443636,0.6541344446436964,0.6139208374591744,0.5982762228579558,0.7085208367835466,0.7182978676484433,0.6788321677218729
0.721156665334366,0.7098432751269755,0.7098432751269755,0.6670754335985577,0.6658778768078991,0.7085208367835466,0.7182978676484433,0.6788321677218729
0.655060050691398,0.6949641963503783,0.6618395213368323,0.6135434480583913,0.6007655011476319,0.7085208367835466,0.7182978676484433,0.6788321677218729
0.6504658394161583,0.6755382493246966,0.643339489898508,0.6053457095393283,0.5892784839684675,0.7085208367835466,0.7182978676484433,0.6788321677218729
0.655060050691398,0.6949641963503783,0.6618395213368323,0.6150237337219009,0.6022771934541546,0.7085208367835466,0.7182978676484433,0.6788321677218729
0.645884311520636,0.6655044627192637,0.6337839522765562,0.5980758286407071,0.5814013334978892,0.7085208367835466,0.7182978676484433,0.6788321677218729
0.655060050691398,0.6949641963503783,0.6618395213368323,0.6176822298424329,0.6049917038909752,0.7085208367835466,0.7182978676484433,0.6788321677218729
0.6378172282868707,0.6649372297456766,0.6332437558150737,0.5978675641158631,0.5791186898688379,0.7085208367835466,0.7182978676484433,0.6788321677218729
0.6566161569541191,0.684535489240424,0.6566161569541191,0.6104867699769235,0.5976434731766445,0.7085208367835466,0.7182978676484433,0.6788321677218729
0.655060050691398,0.6949641963503783,0.6618395213368323,0.6175492802564633,0.6048559648867334,0.7085208367835466,0.7182978676484433,0.6788321677218729
0.6492561783718844,0.6889847482213258,0.6563590725977221,0.6143638054621966,0.5957466601926142,0.7085208367835466,0.7182978676484433,0.6788321677218729
0.655060050691398,0.6949641963503783,0.6618395213368323,0.6150237337219009,0.6022771934541546,0.7085208367835466,0.7182978676484433,0.6788321677218729
0.6379852815716845,0.6573654824275704,0.626032907188604,0.5915584500581349,0.5737429821736071,0.7085208367835466,0.7182978676484433,0.6788321677218729
0.6193338351466405,0.6458347532954224,0.6152523707073277,0.5818653696513851,0.5639021470063151,0.7085208367835466,0.7182978676484433,0.6788321677218729
0.6617350715166064,0.690390080568054,0.6685836245426474,0.6198315321923343,0.613518775771468,0.7085208367835466,0.7182978676484433,0.6788321677218729
0.658981861435575,0.6853905495734646,0.6589818614355749,0.6089487848084719,0.5960723506702018,0.7085208367835466,0.7182978676484433,0.6788321677218729
0.655060050691398,0.6949641963503783,0.6618395213368323,0.6150237337219009,0.6022771934541546,0.7085208367835466,0.7182978676484433,0.6788321677218729
0.6312068279667872,0.6555368932351745,0.6242914756124557,0.5886801300942174,0.5741958453195045,0.7085208367835466,0.7182978676484433,0.6788321677218729
0.655060050691398,0.6949641963503783,0.6618395213368323,0.6136008802835377,0.6008241548061443,0.7085208367835466,0.7182978676484433,0.6788321677218729
0.655060050691398,0.6949641963503783,0.6618395213368323,0.6150237337219009,0.6022771934541546,0.7085208367835466,0.7182978676484433,0.6788321677218729
0.658981861435575,0.6853905495734646,0.6589818614355749,0.6094676263125717,0.5966023904049209,0.7085208367835466,0.7182978676484433,0.6788321677218729
0.6636464521843597,0.6868734851443636,0.6541344446436964,0.6141946470402597,0.5985571891001875,0.7085208367835466,0.7182978676484433,0.6788321677218729
0.6647562709748744,0.6871742295785715,0.6544208544377925,0.6133138755964395,0.5984452773296123,0.7085208367835466,0.7182978676484433,0.6788321677218729
0.6604331360277517,0.6804952396495926,0.648060210938713,0.6067557147379898,0.5889458631078236,0.7085208367835466,0.7182978676484433,0.6788321677218729
0.655060050691398,0.6949641963503783,0.6618395213368323,0.6175492802564633,0.6048559648867334,0.7085208367835466,0.7182978676484433,0.6788321677218729
0.6566161569541191,0.684535489240424,0.6566161569541191,0.6104867699769235,0.5976434731766445,0.7085208367835466,0.7182978676484433,0.6788321677218729
0.655060050691398,0.6949641963503783,0.6618395213368323,0.6151251527859284,0.6023807585769131,0.7085208367835466,0.7182978676484433,0.6788321677218729
0.6647562709748744,0.6871742295785715,0.6544208544377925,0.6122811609248903,0.597386859566331,0.7085208367835466,0.7182978676484433,0.6788321677218729
0.6574786683880111,0.6714848076696937,0.6502754879788174,0.6105783762801601,0.5994560243039521,0.7085208367835466,0.7182978676484433,0.6788321677218729
0.6617350715166064,0.690390080568054,0.6685836245426474,0.6173153228260647,0.6109765688797506,0.7085208367835466,0.7182978676484433,0.6788321677218729
0.6449107694416384,0.6723323884139474,0.6402864326881004,0.6031034499564893,0.5875593945371845,0.7085208367835466,0.7182978676484433,0.6788321677218729
0.655060050691398,0.6949641963503783,0.6618395213368323,0.6150237337219009,0.6022771934541546,0.7085208367835466,0.7182978676484433,0.6788321677218729
0.6647562709748744,0.6871742295785715,0.6544208544377925,0.6098748607607749,0.5949203188217446,0.7085208367835466,0.7182978676484433,0.6788321677218729
0.6504658394161583,0.6755382493246966,0.643339489898508,0.6061522057834857,0.5914851204532044,0.7085208367835466,0.7182978676484433,0.6788321677218729
0.6586850064212476,0.6786940067758583,0.6525433421990668,0.6075604493529354,0.5931684425398362,0.7085208367835466,0.7182978676484433,0.6788321677218729
0.6449107694416384,0.6723323884139474,0.6402864326881004,0.6031034499564893,0.5875593945371845,0.7085208367835466,0.7182978676484433,0.6788321677218729
0.6449107694416384,0.6723323884139474,0.6402864326881004,0.6034121738688137,0.5883738960273198,0.7085208367835466,0.7182978676484433,0.6788321677218729
0.6483189139930102,0.6878124113451128,0.6550286179990115,0.6127500961323782,0.5940456485839362,0.7085208367835466,0.7182978676484433,0.6788321677218729
0.6553884685884468,0.6774905113967223,0.6451986996276695,0.6045059981040356,0.5894169964953251,0.7085208367835466,0.7182978676484433,0.6788321677218729
0.6566161569541191,0.684535489240424,0.6566161569541191,0.610588942632882,0.5977478411331373,0.7085208367835466,0.7182978676484433,0.6788321677218729
0.6426060962796589,0.6642770717843417,0.632615063529297,0.5971818209657287,0.5814647729715603,0.7085208367835466,0.7182978676484433,0.6788321677218729
0.655060050691398,0.6949641963503783,0.6618395213368323,0.6135434480583913,0.6007655011476319,0.7085208367835466,0.7182978676484433,0.6788321677218729
0.6449107694416384,0.6723323884139474,0.6402864326881004,0.6031034499564893,0.5875593945371845,0.7085208367835466,0.7182978676484433,0.6788321677218729
0.655060050691398,0.6949641963503783,0.6618395213368323,0.6135434480583913,0.6007655011476319,0.7085208367835466,0.7182978676484433,0.6788321677218729
0.655060050691398,0.6949641963503783,0.6618395213368323,0.6150237337219009,0.6022771934541546,0.7085208367835466,0.7182978676484433,0.6788321677218729
0.655060050691398,0.6949641963503783,0.6618395213368323,0.6144376391119356,0.6016786825800253,0.7085208367835466,0.7182978676484433,0.6788321677218729
0.648317286558256,0.6680113447046901,0.6422722922974792,0.5991448198252824,0.5858120722524552,0.7085208367835466,0.7182978676484433,0.6788321677218729
0.6658847681316502,0.6810716544624675,0.6658847681316501,0.6131179254702865,0.6067353215836473,0.7085208367835466,0.7182978676484433,0.6788321677218729
0.6492561783718844,0.6889847482213258,0.6563590725977221,0.6130286267432421,0.5943696618059908,0.7085208367835466,0.7182978676484433,0.6788321677218729
0.655060050691398,0.6949641963503783,0.6618395213368323,0.6145095833572183,0.6017521522617493,0.7085208367835466,0.7182978676484433,0.6788321677218729
0.6367495220192766,0.6755382493246966,0.643339489898508,0.600923015213819,0.5878708148287795,0.7085208367835466,0.7182978676484433,0.6788321677218729
0.6409785642422013,0.6656852841518767,0.6339561550620182,0.5967010393888218,0.58066182037349,0.7085208367835466,0.7182978676484433,0.6788321677218729
0.6181937276345338,0.6420221988668623,0.6172845306308051,0.5809967674175726,0.5682727782534703,0.7085208367835466,0.7182978676484433,0.6788321677218729
0.655060050691398,0.6949641963503783,0.6618395213368323,0.6175492802564633,0.6048559648867334,0.7085208367835466,0.7182978676484433,0.6788321677218729
0.6518896763007587,0.6770169684488403,0.6447477275637783,0.6061366060881933,0.590456961647166,0.7085208367835466,0.7182978676484433,0.6788321677218729
0.655060050691398,0.6949641963503783,0.6618395213368323,0.6144376391119356,0.6016786825800253,0.7085208367835466,0.7182978676484433,0.6788321677218729
0.6433793152946761,0.6681785729070692,0.6363306040551562,0.5995429888797617,0.5792024655520867,0.7085208367835466,0.7182978676484433,0.6788321677218729
0.658981861435575,0.6853905495734646,0.6589818614355749,0.6102928893367519,0.5974454246948306,0.7085208367835466,0.7182978676484433,0.6788321677218729
0.6352348381543503,0.6566572284756726,0.6298749335498689,0.5905273844907062,0.5753350765718891,0.7085208367835466,0.7182978676484433,0.6788321677218729
0.6449107694416384,0.6723323884139474,0.6402864326881004,0.6041730523390121,0.5904824504624617,0.7085208367835466,0.7182978676484433,0.6788321677218729
0.6504658394161583,0.6755382493246966,0.643339489898508,0.605302789559925,0.5891275193127675,0.7085208367835466,0.7182978676484433,0.6788321677218729
0.6553884685884468,0.6774905113967223,0.651386218533347,0.6074393311715491,0.5946686863318932,0.7085208367835466,0.7182978676484433,0.6788321677218729
0.6504658394161583,0.6755382493246966,0.643339489898508,0.6053457095393283,0.5892784839684675,0.7085208367835466,0.7182978676484433,0.6788321677218729
0.655060050691398,0.6949641963503783,0.6618395213368323,0.6150237337219009,0.6022771934541546,0.7085208367835466,0.7182978676484433,0.6788321677218729
0.6636464521843597,0.682839362458105,0.6541344446436964,0.6135703737331881,0.5986912235871822,0.7085208367835466,0.7182978676484433,0.6788321677218729
0.655060050691398,0.6949641963503783,0.6622264395632,0.6151412840749542,0.6023972311416852,0.7085208367835466,0.7182978676484433,0.6788321677218729
0.6280252967166637,0.6522327288645915,0.6215079281362368,0.588584065870312,0.5742103429249389,0.7085208367835466,0.7182978676484433,0.6788321677218729
0.6492561783718844,0.6889847482213258,0.6563590725977221,0.6164616848136304,0.5982791239952722,0.7085208367835466,0.7182978676484433,0.6788321677218729
0.6553884685884468,0.6774905113967223,0.651386218533347,0.6057278678671829,0.5906700804380878,0.7085208367835466,0.7182978676484433,0.6788321677218729
0.655060050691398,0.6949641963503783,0.6618395213368323,0.6143857824399395,0.6022771934541546,0.7085208367835466,0.7182978676484433,0.6788321677218729
0.6680668016971322,0.688360794640267,0.6559341050422892,0.611948061167619,0.596392398150236,0.7085208367835466,0.7182978676484433,0.6788321677218729
0.63917009098779,0.6638071027283414,0.636733194411847,0.5949061974525001,0.5852712376787763,0.7085208367835466,0.7182978676484433,0.6788321677218729
0.6352348381543503,0.6566572284756726,0.6298749335498689,0.5910653582375207,0.5768045641976122,0.7085208367835466,0.7182978676484433,0.6788321677218729
0.6588846750121216,0.684281591580693,0.6516660907277042,0.6095790547979949,0.5984843359747501,0.7085208367835466,0.7182978676484433,0.6788321677218729
0.6824109625917134,0.7214825022456594,0.6913843955293201,0.6501132759989665,0.6476862326979714,0.7085208367835466,0.7182978676484433,0.6788321677218729
0.655060050691398,0.6949641963503783,0.6618395213368323,0.6163545905536149,0.603636153664026,0.7085208367835466,0.7182978676484433,0.6788321677218729
0.655060050691398,0.6949641963503783,0.6618395213368323,0.6150237337219009,0.6022771934541546,0.7085208367835466,0.7182978676484433,0.6788321677218729
0.6504658394161583,0.6755382493246966,0.6437155928152407,0.6059235169093874,0.5908599488017077,0.7085208367835466,0.7182978676484433,0.6788321677218729
0.655060050691398,0.6949641963503783,0.6618395213368323,0.6170986601665422,0.6043958811020531,0.7085208367835466,0.7182978676484433,0.6788321677218729
0.655060050691398,0.6949641963503783,0.6618395213368323,0.6136899907819432,0.6009151599849407,0.7085208367835466,0.7182978676484433,0.6788321677218729
0.648317286558256,0.6680113447046901,0.6422722922974792,0.6006300074989765,0.5898537893037987,0.7085208367835466,0.7182978676484433,0.6788321677218729
0.655060050691398,0.6949641963503783,0.6618395213368323,0.6150237337219009,0.6022771934541546,0.7085208367835466,0.7182978676484433,0.6788321677218729
0.655060050691398,0.6949641963503783,0.6618395213368323,0.6172286682876462,0.6045286210510855,0.7085208367835466,0.7182978676484433,0.6788321677218729
0.655060050691398,0.6949641963503783,0.6618395213368323,0.6175492802564633,0.6048559648867334,0.7085208367835466,0.7182978676484433,0.6788321677218729
0.6492561783718844,0.6889847482213258,0.6563590725977221,0.6155623589131759,0.5969825921912767,0.7085208367835466,0.7182978676484433,0.6788321677218729
0.6449107694416384,0.6723323884139474,0.6402864326881004,0.6031034499564893,0.5875593945371845,0.7085208367835466,0.7182978676484433,0.6788321677218729
0.655060050691398,0.6949641963503783,0.6622264395632,0.6136612819687548,0.6008858408227981,0.7085208367835466,0.7182978676484433,0.6788321677218729
0.655060050691398,0.6949641963503783,0.6618395213368323,0.6150237337219009,0.6022771934541546,0.7085208367835466,0.7182978676484433,0.6788321677218729
0.658981861435575,0.6853905495734646,0.6589818614355749,0.6122813112628641,0.599476462286517,0.7085208367835466,0.7182978676484433,0.6788321677218729
0.658981861435575,0.6853905495734646,0.6589818614355749,0.612016101117551,0.5992055847043767,0.7085208367835466,0.7182978676484433,0.6788321677218729
0.6452301494619997,0.684535489240424,0.6519078866453463,0.606241596250192,0.59330641134052,0.7085208367835466,0.7182978676484433,0.6788321677218729
0.6617350715166064,0.690390080568054,0.6685836245426474,0.615840545441757,0.6094864537741793,0.7085208367835466,0.7182978676484433,0.6788321677218729
0.655060050691398,0.6949641963503783,0.6618395213368323,0.6150237337219009,0.6022771934541546,0.7085208367835466,0.7182978676484433,0.6788321677218729
0.655060050691398,0.6949641963503783,0.6618395213368323,0.6150237337219009,0.6022771934541546,0.7085208367835466,0.7182978676484433,0.6788321677218729
0.6504658394161583,0.6755382493246966,0.643339489898508,0.6051069369729327,0.5885907483202989,0.7085208367835466,0.7182978676484433,0.6788321677218729
0.655060050691398,0.6949641963503783,0.6618395213368323,0.6167744838268633,0.6047137273045571,0.7085208367835466,0.7182978676484433,0.6788321677218729
0.658981861435575,0.6853905495734646,0.6589818614355749,0.6108105891177449,0.597974247348623,0.7085208367835466,0.7182978676484433,0.6788321677218729
0.655060050691398,0.6949641963503783,0.6618395213368323,0.6150237337219009,0.6022771934541546,0.7085208367835466,0.7182978676484433,0.6788321677218729
0.6426060962796589,0.6642770717843417,0.632615063529297,0.5966815194057105,0.5801241121876316,0.7085208367835466,0.7182978676484433,0.6788321677218729
0.6506190632778472,0.6782833990196313,0.6506190632778472,0.607176031766227,0.5896738065668146,0.7085208367835466,0.7182978676484433,0.6788321677218729
0.6504658394161583,0.6755382493246966,0.6437155928152407,0.605390498300255,0.5894011689845304,0.7085208367835466,0.7182978676484433,0.6788321677218729
0.6588846750121216,0.684281591580693,0.6516660907277042,0.609692698609832,0.5986329410111825,0.7085208367835466,0.7182978676484433,0.6788321677218729
0.655060050691398,0.6949641963503783,0.6618395213368323,0.6150237337219009,0.6022771934541546,0.7085208367835466,0.7182978676484433,0.6788321677218729
0.655060050691398,0.6949641963503783,0.6618395213368323,0.6150237337219009,0.6022771934541546,0.7085208367835466,0.7182978676484433,0.6788321677218729
0.6545516456121035,0.6766254677571656,0.6443748873056158,0.6011202435091815,0.5859440597619804,0.7085208367835466,0.7182978676484433,0.6788321677218729
0.6449107694416384,0.6723323884139474,0.6402864326881004,0.6028793856095951,0.5869458760610935,0.7085208367835466,0.7182978676484433,0.6788321677218729
0.6369076757187141,0.662431741197606,0.636907675718714,0.5959736021607231,0.5831138319080428,0.7085208367835466,0.7182978676484433,0.6788321677218729
0.6613405971073605,0.6880215401015001,0.6613405971073603,0.6102890533638247,0.5980884269070517,0.7085208367835466,0.7182978676484433,0.6788321677218729
0.6586850064212476,0.6786940067758583,0.6525433421990668,0.6078788256738334,0.593377122978295,0.7085208367835466,0.7182978676484433,0.6788321677218729
0.621425595902293,0.6453786405112223,0.6205116456880185,0.5832794694220567,0.5698939747063748,0.7085208367835466,0.7182978676484433,0.6788321677218729
0.6542860394688008,0.6771854663458552,0.6449081942008975,0.6032221302325511,0.587292586853355,0.7085208367835466,0.7182978676484433,0.6788321677218729
0.6483189139930102,0.6878124113451128,0.6550286179990115,0.6107469892852726,0.5919792540387678,0.7085208367835466,0.7182978676484433,0.6788321677218729
0.6504658394161583,0.6755382493246966,0.643339489898508,0.6053457095393283,0.5892784839684675,0.7085208367835466,0.7182978676484433,0.6788321677218729
0.6636464521843597,0.6868734851443636,0.6541344446436964,0.6116229892504865,0.5959180523782689,0.7085208367835466,0.7182978676484433,0.6788321677218729
0.6483189139930102,0.6878124113451128,0.6550286179990115,0.6152849752872945,0.5966599979096618,0.7085208367835466,0.7182978676484433,0.6788321677218729
0.6658847681316502,0.6810716544624675,0.6658847681316501,0.6117800276878131,0.6053833184040716,0.7085208367835466,0.7182978676484433,0.6788321677218729
0.6312068279667872,0.6555368932351745,0.6242914756124557,0.591081336118629,0.5758320483654737,0.7085208367835466,0.7182978676484433,0.6788321677218729
0.6566161569541191,0.684535489240424,0.6566161569541191,0.6104867699769235,0.5976434731766445,0.7085208367835466,0.7182978676484433,0.6788321677218729
0.599224276029113,0.6194322614229939,0.5899077298567696,0.5644711062524479,0.5493089213921512,0.7085208367835466,0.7182978676484433,0.6788321677218729
0.6345652784103021,0.6615470068945234,0.6345652784103021,0.5953585627818188,0.5828086696202555,0.7085208367835466,0.7182978676484433,0.6788321677218729
0.6658847681316502,0.6810716544624675,0.6658847681316501,0.6145204078227289,0.6081525232660284,0.7085208367835466,0.7182978676484433,0.6788321677218729
0.655060050691398,0.6949641963503783,0.6618395213368323,0.6176502846222609,0.6049590885404942,0.7085208367835466,0.7182978676484433,0.6788321677218729
0.6545516456121035,0.6766254677571656,0.6490287520797203,0.6053683675069392,0.590335213639867,0.7085208367835466,0.7182978676484433,0.6788321677218729
0.6401308357861316,0.6648048797364347,0.6376902762795502,0.5976298812692401,0.5845417307120206,0.7085208367835466,0.7182978676484433,0.6788321677218729
0.6549602762966991,0.6750305025493109,0.6430656059836508,0.6051804856296304,0.5798527211336384,0.7085208367835466,0.7182978676484433,0.6788321677218729
0.658981861435575,0.6853905495734646,0.6589818614355749,0.6080317711818889,0.5951354967403393,0.7085208367835466,0.7182978676484433,0.6788321677218729
0.6488127447159354,0.6748139056549707,0.6488127447159353,0.6051240185927762,0.5945347907430026,0.7085208367835466,0.7182978676484433,0.6788321677218729
0.6449107694416384,0.6723323884139474,0.6402864326881004,0.6030633549880531,0.5874194393077726,0.7085208367835466,0.7182978676484433,0.6788321677218729
0.6492561783718844,0.6888067708471838,0.6563590725977221,0.6108195774807799,0.592837806224873,0.7085208367835466,0.7182978676484433,0.6788321677218729
0.658981861435575,0.6853905495734646,0.6589818614355749,0.6094676263125717,0.5966023904049209,0.7085208367835466,0.7182978676484433,0.6788321677218729
0.6553884685884468,0.6735114964822421,0.651386218533347,0.6061822208824459,0.5920196868193918,0.7085208367835466,0.7182978676484433,0.6788321677218729
0.655060050691398,0.6949641963503783,0.6618395213368323,0.6221564210630387,0.6102404875220542,0.7085208367835466,0.7182978676484433,0.6788321677218729
0.6566161569541191,0.684535489240424,0.6566161569541191,0.6099687953604603,0.5971143575792468,0.7085208367835466,0.7182978676484433,0.6788321677218729
0.6449107694416384,0.6723323884139474,0.6402864326881004,0.6028595670494792,0.5875593945371845,0.7085208367835466,0.7182978676484433,0.6788321677218729
0.6582629375269897,0.6804619177068787,0.6480284772483568,0.6067833112129246,0.5894494158412553,0.7085208367835466,0.7182978676484433,0.6788321677218729
0.6420293234269497,0.681139679206278,0.6486739340196533,0.6059431834567757,0.5864069156310168,0.7085208367835466,0.7182978676484433,0.6788321677218729
0.658981861435575,0.6853905495734646,0.6589818614355749,0.6089786263802581,0.5961028368509678,0.7085208367835466,0.7182978676484433,0.6788321677218729
0.6620330607636215,0.682320021358184,0.6500099422950532,0.6099266250532223,0.5883889223194747,0.7085208367835466,0.7182978676484433,0.6788321677218729
0.625630890725593,0.6522327288645915,0.6211448004643991,0.586461618660106,0.572639393378676,0.7085208367835466,0.7182978676484433,0.6788321677218729
0.6457447968291278,0.667521620540228,0.6357049645728713,0.5989091515320847,0.5817572514890798,0.7085208367835466,0.7182978676484433,0.6788321677218729
0.6636464521843597,0.6868734851443636,0.6541344446436964,0.6115209893626031,0.5958133638998251,0.7085208367835466,0.7182978676484433,0.6788321677218729
0.655060050691398,0.6949641963503783,0.6618395213368323,0.6150237337219009,0.6022771934541546,0.7085208367835466,0.7182978676484433,0.6788321677218729
0.6488127447159354,0.6748139056549707,0.6488127447159353,0.60467192366138,0.5933069220629246,0.7085208367835466,0.7182978676484433,0.6788321677218729
0.6449107694416384,0.6723323884139474,0.6402864326881004,0.6031034499564893,0.5875593945371845,0.7085208367835466,0.7182978676484433,0.6788321677218729
0.6587315827378979,0.6811223136735142,0.6488689499767433,0.609665988073423,0.5895596520890564,0.7085208367835466,0.7182978676484433,0.6788321677218729
0.6566161569541191,0.6805150979945549,0.6566161569541191,0.60913593074654,0.5970403171870924,0.7085208367835466,0.7182978676484433,0.6788321677218729
0.6488127447159354,0.6748139056549707,0.6488127447159353,0.60467192366138,0.5933069220629246,0.7085208367835466,0.7182978676484433,0.6788321677218729
0.6566161569541191,0.684535489240424,0.6566161569541191,0.6098440726447751,0.5976434731766445,0.7085208367835466,0.7182978676484433,0.6788321677218729
0.6488127447159354,0.6708506108930052,0.6488127447159353,0.6043844266684654,0.5933069220629246,0.7085208367835466,0.7182978676484433,0.6788321677218729
0.6483189139930102,0.6878124113451128,0.6550286179990115,0.6127500961323782,0.5940456485839362,0.7085208367835466,0.7182978676484433,0.6788321677218729
0.6483189139930102,0.6878124113451128,0.6550286179990115,0.6141534184614328,0.5954930509243032,0.7085208367835466,0.7182978676484433,0.6788321677218729
0.6566161569541191,0.684535489240424,0.6566161569541191,0.6125998889695159,0.6000988212504665,0.7085208367835466,0.7182978676484433,0.6788321677218729
0.6492561783718844,0.6889847482213258,0.6563590725977221,0.6130286267432421,0.5943696618059908,0.7085208367835466,0.7182978676484433,0.6788321677218729
0.6400190919863893,0.664688828736864,0.6390777957312658,0.5955946697770558,0.5858032607369569,0.7085208367835466,0.7182978676484433,0.6788321677218729
0.6452301494619997,0.684535489240424,0.6519078866453463,0.6090068984641245,0.5961317195810656,0.7085208367835466,0.7182978676484433,0.6788321677218729
0.6263802929484171,0.6514824737218888,0.626380292948417,0.5876134884591445,0.5769424060219397,0.7085208367835466,0.7182978676484433,0.6788321677218729
0.6504658394161583,0.6755382493246966,0.643339489898508,0.6051224754553873,0.5886667571592582,0.7085208367835466,0.7182978676484433,0.6788321677218729
0.6483189139930102,0.6837727741884763,0.6550286179990115,0.6143912605491478,0.5965158060245064,0.7085208367835466,0.7182978676484433,0.6788321677218729
0.6566161569541191,0.684535489240424,0.6566161569541191,0.6104867699769235,0.5976434731766445,0.7085208367835466,0.7182978676484433,0.6788321677218729
0.658981861435575,0.6853905495734646,0.6589818614355749,0.6101682328681783,0.597974247348623,0.7085208367835466,0.7182978676484433,0.6788321677218729
0.6452327679739189,0.6784531810741009,0.6519105322572613,0.6061200647702163,0.5937504698261391,0.7085208367835466,0.7182978676484433,0.6788321677218729
0.6496504396449958,0.677273589490302,0.6496504396449958,0.6067798305529605,0.5893472116478864,0.7085208367835466,0.7182978676484433,0.6788321677218729
0.6636464521843597,0.6868734851443636,0.6541344446436964,0.6115209893626031,0.5958133638998251,0.7085208367835466,0.7182978676484433,0.6788321677218729
0.655060050691398,0.6949641963503783,0.6618395213368323,0.6150237337219009,0.6022771934541546,0.7085208367835466,0.7182978676484433,0.6788321677218729
0.6492561783718844,0.6889847482213258,0.6563590725977221,0.6130286267432421,0.5943696618059908,0.7085208367835466,0.7182978676484433,0.6788321677218729
0.655060050691398,0.6949641963503783,0.6618395213368323,0.6136899907819432,0.6009151599849407,0.7085208367835466,0.7182978676484433,0.6788321677218729
0.6449107694416384,0.6723323884139474,0.6402864326881004,0.6031034499564893,0.5875593945371845,0.7085208367835466,0.7182978676484433,0.6788321677218729
0.6566161569541191,0.684535489240424,0.6566161569541191,0.6104867699769235,0.5976434731766445,0.7085208367835466,0.7182978676484433,0.6788321677218729
0.6449107694416384,0.6723323884139474,0.6402864326881004,0.6030633549880531,0.5874194393077726,0.7085208367835466,0.7182978676484433,0.6788321677218729
0.6306939613343935,0.6561385048913941,0.6306939613343934,0.591411724186106,0.5744273121666751,0.7085208367835466,0.7182978676484433,0.6788321677218729
0.6647562709748744,0.6871742295785715,0.6544208544377925,0.6099761201668346,0.5950258491759813,0.7085208367835466,0.7182978676484433,0.6788321677218729
0.6492561783718844,0.6889847482213258,0.6563590725977221,0.6109596067444384,0.5928972441484887,0.7085208367835466,0.7182978676484433,0.6788321677218729
0.655060050691398,0.6949641963503783,0.6618395213368323,0.6151251527859284,0.6023807585769131,0.7085208367835466,0.7182978676484433,0.6788321677218729
0.658981861435575,0.6853905495734646,0.6589818614355749,0.6094676263125717,0.5966023904049209,0.7085208367835466,0.7182978676484433,0.6788321677218729
0.655060050691398,0.6949641963503783,0.6618395213368323,0.6163545905536149,0.603636153664026,0.7085208367835466,0.7182978676484433,0.6788321677218729
0.655060050691398,0.6949641963503783,0.6618395213368323,0.6150237337219009,0.6022771934541546,0.7085208367835466,0.7182978676484433,0.6788321677218729
0.6604331360277517,0.6804952396495926,0.648060210938713,0.6066539177994312,0.588839243114101,0.7085208367835466,0.7182978676484433,0.6788321677218729
0.6483189139930102,0.6837727741884763,0.6550286179990115,0.6106528953082327,0.5926646980765965,0.7085208367835466,0.7182978676484433,0.6788321677218729
0.6449107694416384,0.6723323884139474,0.6402864326881004,0.6040304258217997,0.5900631476212576,0.7085208367835466,0.7182978676484433,0.6788321677218729
0.6921423776430415,0.7079191222737578,0.6867046110999377,0.6496016317683833,0.6448819770151452,0.7085208367835466,0.7182978676484433,0.6788321677218729
0.658981861435575,0.6853905495734646,0.6589818614355749,0.6108105891177449,0.597974247348623,0.7085208367835466,0.7182978676484433,0.6788321677218729
0.655060050691398,0.6949641963503783,0.6618395213368323,0.6136899907819432,0.6009151599849407,0.7085208367835466,0.7182978676484433,0.6788321677218729
0.6449107694416384,0.6723323884139474,0.6402864326881004,0.6045389159633952,0.5914501724033838,0.7085208367835466,0.7182978676484433,0.6788321677218729
0.655060050691398,0.6949641963503783,0.6618395213368323,0.6164218799968516,0.6037048607164253,0.7085208367835466,0.7182978676484433,0.6788321677218729
0.655060050691398,0.6949641963503783,0.6618395213368323,0.6136899907819432,0.6009151599849407,0.7085208367835466,0.7182978676484433,0.6788321677218729
0.6369076757187141,0.662431741197606,0.636907675718714,0.5959343497959076,0.5830068442255176,0.7085208367835466,0.7182978676484433,0.6788321677218729
0.655060050691398,0.6949641963503783,0.6622264395632,0.6151412840749542,0.6023972311416852,0.7085208367835466,0.7182978676484433,0.6788321677218729
0.655060050691398,0.6949641963503783,0.6618395213368323,0.6150237337219009,0.6022771934541546,0.7085208367835466,0.7182978676484433,0.6788321677218729
0.6566161569541191,0.6805150979945549,0.6566161569541191,0.609829421526148,0.5977478411331373,0.7085208367835466,0.7182978676484433,0.6788321677218729
0.6492561783718844,0.6889847482213258,0.6563590725977221,0.6130286267432421,0.5943696618059908,0.7085208367835466,0.7182978676484433,0.6788321677218729
0.6369076757187141,0.662431741197606,0.636907675718714,0.5968589256306763,0.5855235730945033,0.7085208367835466,0.7182978676484433,0.6788321677218729
0.6483189139930102,0.6878124113451128,0.6550286179990115,0.6127500961323782,0.5940456485839362,0.7085208367835466,0.7182978676484433,0.6788321677218729
0.6566161569541191,0.684535489240424,0.6566161569541191,0.6104867699769235,0.5976434731766445,0.7085208367835466,0.7182978676484433,0.6788321677218729
0.658981861435575,0.6853905495734646,0.6589818614355749,0.6108105891177449,0.597974247348623,0.7085208367835466,0.7182978676484433,0.6788321677218729
0.6483189139930102,0.6878124113451128,0.6550286179990115,0.6127500961323782,0.5940456485839362,0.7085208367835466,0.7182978676484433,0.6788321677218729
0.655060050691398,0.6949641963503783,0.6618395213368323,0.6189035214983788,0.6062385616544693,0.7085208367835466,0.7182978676484433,0.6788321677218729
0.6449107694416384,0.6723323884139474,0.6402864326881004,0.6030952387287961,0.5875369183719716,0.7085208367835466,0.7182978676484433,0.6788321677218729
0.643588441209352,0.6711271992007555,0.643588441209352,0.6024952627699905,0.5812638067155855,0.7085208367835466,0.7182978676484433,0.6788321677218729
0.655060050691398,0.6949641963503783,0.6618395213368323,0.6135434480583913,0.6007655011476319,0.7085208367835466,0.7182978676484433,0.6788321677218729
0.6586850064212476,0.6786940067758583,0.6525433421990668,0.609787722986048,0.5985773226123418,0.7085208367835466,0.7182978676484433,0.6788321677218729
0.6680668016971322,0.688360794640267,0.6555508632304636,0.6118298973036966,0.596271151607416,0.7085208367835466,0.7182978676484433,0.6788321677218729
0.6566161569541191,0.684535489240424,0.6566161569541191,0.6125998889695159,0.6000988212504665,0.7085208367835466,0.7182978676484433,0.6788321677218729
0.61478218112005,0.6522327288645915,0.6211448004643991,0.583665265072151,0.5704566626126376,0.7085208367835466,0.7182978676484433,0.6788321677218729
0.655060050691398,0.6949641963503783,0.6618395213368323,0.6163545905536149,0.603636153664026,0.7085208367835466,0.7182978676484433,0.6788321677218729
0.6566161569541191,0.684535489240424,0.6566161569541191,0.6104867699769235,0.5976434731766445,0.7085208367835466,0.7182978676484433,0.6788321677218729
0.6353644587296611,0.6567912203203018,0.6254860166290722,0.5915965187685644,0.571429747174348,0.7085208367835466,0.7182978676484433,0.6788321677218729
0.655060050691398,0.6949641963503783,0.6618395213368323,0.6150237337219009,0.6022771934541546,0.7085208367835466,0.7182978676484433,0.6788321677218729
0.6610585764608417,0.681139679206278,0.6486739340196533,0.6105028644625873,0.5908716592327155,0.7085208367835466,0.7182978676484433,0.6788321677218729
0.6426060962796589,0.6642770717843417,0.632615063529297,0.5966409928762306,0.5799823627570436,0.7085208367835466,0.7182978676484433,0.6788321677218729
0.6586850064212476,0.6786940067758583,0.646344831773529,0.6061087045324298,0.5903992079216928,0.7085208367835466,0.7182978676484433,0.6788321677218729
0.6367495220192766,0.6755382493246966,0.643339489898508,0.6044064009083054,0.5914830261319429,0.7085208367835466,0.7182978676484433,0.6788321677218729
0.655060050691398,0.6949641963503783,0.6618395213368323,0.6150237337219009,0.6022771934541546,0.7085208367835466,0.7182978676484433,0.6788321677218729
0.655060050691398,0.6949641963503783,0.6618395213368323,0.6150237337219009,0.6022771934541546,0.7085208367835466,0.7182978676484433,0.6788321677218729
0.6504658394161583,0.6755382493246966,0.643339489898508,0.6053457095393283,0.5892784839684675,0.7085208367835466,0.7182978676484433,0.6788321677218729
0.6217041411326958,0.6456679223549437,0.6152523707073277,0.5835939835747291,0.5644551649407272,0.7085208367835466,0.7182978676484433,0.6788321677218729
0.652008572679345,0.6781378063757155,0.6520085726793449,0.6071894211023678,0.5891463742868004,0.7085208367835466,0.7182978676484433,0.6788321677218729
0.6316416742322291,0.6586692373302867,0.6274791000509615,0.593766382411947,0.5708904746759697,0.7085208367835466,0.7182978676484433,0.6788321677218729
0.658981861435575,0.6853905495734646,0.6589818614355749,0.6109289501329286,0.5980951486379972,0.7085208367835466,0.7182978676484433,0.6788321677218729
0.6504658394161583,0.6755382493246966,0.643339489898508,0.6051224754553873,0.5886667571592582,0.7085208367835466,0.7182978676484433,0.6788321677218729
0.655060050691398,0.6949641963503783,0.6618395213368323,0.6175492802564633,0.6048559648867334,0.7085208367835466,0.7182978676484433,0.6788321677218729
0.655060050691398,0.6949641963503783,0.6618395213368323,0.6150237337219009,0.6022771934541546,0.7085208367835466,0.7182978676484433,0.6788321677218729
0.655060050691398,0.6949641963503783,0.6618395213368323,0.6151251527859284,0.6023807585769131,0.7085208367835466,0.7182978676484433,0.6788321677218729
0.6329286073688961,0.657325039164664,0.6305155070410475,0.5925499815340394,0.5759023807328294,0.7085208367835466,0.7182978676484433,0.6788321677218729
0.6409785642422013,0.6656852841518767,0.6400358568609841,0.5982439027644973,0.5848799145169156,0.7085208367835466,0.7182978676484433,0.6788321677218729
0.6280252967166637,0.6522327288645915,0.6211448004643991,0.5887847562560792,0.5740726943214639,0.7085208367835466,0.7182978676484433,0.6788321677218729
0.6483189139930102,0.6878124113451128,0.6550286179990115,0.6127500961323782,0.5940456485839362,0.7085208367835466,0.7182978676484433,0.6788321677218729
0.6553884685884468,0.6774905113967223,0.651386218533347,0.6056258981624825,0.5905637717335067,0.7085208367835466,0.7182978676484433,0.6788321677218729
0.6374493116041005,0.6597594680469275,0.6283127862165068,0.5943444948255111,0.574157899328472,0.7085208367835466,0.7182978676484433,0.6788321677218729
0.6576265300167617,0.680818739023244,0.648579750576568,0.6099692555180224,0.5900601582814362,0.7085208367835466,0.7182978676484433,0.6788321677218729
0.6267572023295984,0.6649372297456766,0.6332437558150737,0.5954496925923688,0.5771438901979037,0.7085208367835466,0.7182978676484433,0.6788321677218729
0.655060050691398,0.6949641963503783,0.6618395213368323,0.6163545905536149,0.603636153664026,0.7085208367835466,0.7182978676484433,0.6788321677218729
0.655060050691398,0.6949641963503783,0.6618395213368323,0.6165855836242989,0.603872011809707,0.7085208367835466,0.7182978676484433,0.6788321677218729
0.655060050691398,0.6949641963503783,0.6618395213368323,0.6150237337219009,0.6022771934541546,0.7085208367835466,0.7182978676484433,0.6788321677218729
0.6007663301187842,0.6217926149802503,0.5978344100331943,0.5671277273224591,0.5568409768789587,0.7085208367835466,0.7182978676484433,0.6788321677218729
0.6449107694416384,0.6723323884139474,0.6402864326881004,0.6030633549880531,0.5874194393077726,0.7085208367835466,0.7182978676484433,0.6788321677218729
0.6587315827378979,0.6811223136735142,0.6488689499767433,0.6080670455533222,0.5871269018335277,0.7085208367835466,0.7182978676484433,0.6788321677218729
0.6545516456121035,0.6766254677571656,0.6490287520797203,0.6053683675069392,0.590335213639867,0.7085208367835466,0.7182978676484433,0.6788321677218729
0.6449107694416384,0.6723323884139474,0.6402864326881004,0.6030633549880531,0.5874194393077726,0.7085208367835466,0.7182978676484433,0.6788321677218729
0.6578469562868982,0.6778304990323757,0.6501846351820209,0.6078425890082431,0.5945936147170091,0.7085208367835466,0.7182978676484433,0.6788321677218729
0.655060050691398,0.6949641963503783,0.6618395213368323,0.6136008802835377,0.6008241548061443,0.7085208367835466,0.7182978676484433,0.6788321677218729
0.6452301494619997,0.684535489240424,0.6522889987353987,0.6077106775525857,0.594807441383519,0.7085208367835466,0.7182978676484433,0.6788321677218729
0.655060050691398,0.6949641963503783,0.6618395213368323,0.6150237337219009,0.6022771934541546,0.7085208367835466,0.7182978676484433,0.6788321677218729
0.6409785642422013,0.6656852841518767,0.6400358568609841,0.5982004732414139,0.5847278142424509,0.7085208367835466,0.7182978676484433,0.6788321677218729
0.6566161569541191,0.684535489240424,0.6566161569541191,0.6104867699769235,0.5976434731766445,0.7085208367835466,0.7182978676484433,0.6788321677218729
0.6409785642422013,0.6656852841518767,0.6400358568609841,0.5992769913910936,0.5876599640501693,0.7085208367835466,0.7182978676484433,0.6788321677218729
0.6545516456121035,0.6766254677571656,0.6490287520797203,0.6064321615832443,0.5932396489294349,0.7085208367835466,0.7182978676484433,0.6788321677218729
0.655060050691398,0.6949641963503783,0.6618395213368323,0.6174099669399455,0.6047137273045571,0.7085208367835466,0.7182978676484433,0.6788321677218729
0.655060050691398,0.6949641963503783,0.6618395213368323,0.6132043579842262,0.6004191947003632,0.7085208367835466,0.7182978676484433,0.6788321677218729
0.6296262110182004,0.6538953509102776,0.6272257013895616,0.5881688220054433,0.5752944593219699,0.7085208367835466,0.7182978676484433,0.6788321677218729
0.6617350715166064,0.690390080568054,0.6685836245426474,0.6174373875073538,0.6110998997022747,0.7085208367835466,0.7182978676484433,0.6788321677218729
0.6630738175018894,0.7034661359898269,0.6699362257296014,0.6205995863735931,0.6143397361368027,0.7085208367835466,0.7182978676484433,0.6788321677218729
0.655060050691398,0.6949641963503783,0.6618395213368323,0.6177497247220265,0.6050606144081144,0.7085208367835466,0.7182978676484433,0.6788321677218729
0.655060050691398,0.6949641963503783,0.6618395213368323,0.6150237337219009,0.6022771934541546,0.7085208367835466,0.7182978676484433,0.6788321677218729
0.6630738175018894,0.7034661359898269,0.6699362257296014,0.6177221214761329,0.6114328124581928,0.7085208367835466,0.7182978676484433,0.6788321677218729
0.6378172282868707,0.6649372297456766,0.6332437558150737,0.5981134825333484,0.5791186898688379,0.7085208367835466,0.7182978676484433,0.6788321677218729
0.6449107694416384,0.6723323884139474,0.6402864326881004,0.6030633549880531,0.5874194393077726,0.7085208367835466,0.7182978676484433,0.6788321677218729
0.6280252967166637,0.6522327288645915,0.6211448004643991,0.5887436861483589,0.5739294503101058,0.7085208367835466,0.7182978676484433,0.6788321677218729
0.6542860394688008,0.6771854663458552,0.6449081942008975,0.6032221302325511,0.587292586853355,0.7085208367835466,0.7182978676484433,0.6788321677218729
0.6280252967166637,0.6522327288645915,0.6211448004643991,0.5887878132130481,0.5740844115544509,0.7085208367835466,0.7182978676484433,0.6788321677218729
0.655060050691398,0.6949641963503783,0.6618395213368323,0.6150237337219009,0.6022771934541546,0.7085208367835466,0.7182978676484433,0.6788321677218729
0.6529782379033394,0.6793218121797641,0.6529782379033393,0.6074542712736142,0.5886186281092541,0.7085208367835466,0.7182978676484433,0.6788321677218729
0.6647562709748744,0.6871742295785715,0.6544208544377925,0.6106951008496969,0.5957611485828974,0.7085208367835466,0.7182978676484433,0.6788321677218729
0.6329105307498611,0.6542545371138577,0.6290455463505742,0.589395022881836,0.5754036395485781,0.7085208367835466,0.7182978676484433,0.6788321677218729
0.6418113353191736,0.6613077609411373,0.6297872814975218,0.5950800276114622,0.5746329393612002,0.7085208367835466,0.7182978676484433,0.6788321677218729
0.658981861435575,0.6853905495734646,0.6589818614355749,0.6108105891177449,0.597974247348623,0.7085208367835466,0.7182978676484433,0.6788321677218729
0.6496504396449958,0.677273589490302,0.6496504396449958,0.607311629789426,0.5908061246930028,0.7085208367835466,0.7182978676484433,0.6788321677218729
0.6173147106565156,0.6411092999035746,0.6149611397903424,0.5803228328445162,0.5677799103615441,0.7085208367835466,0.7182978676484433,0.6788321677218729
0.6393663162193525,0.6587884690287299,0.6334047819641144,0.5936753191372452,0.5800257117840558,0.7085208367835466,0.7182978676484433,0.6788321677218729
0.655060050691398,0.6949641963503783,0.6618395213368323,0.6174099669399455,0.6047137273045571,0.7085208367835466,0.7182978676484433,0.6788321677218729
0.6647562709748744,0.6871742295785715,0.6544208544377925,0.6113179658975113,0.5964013325294338,0.7085208367835466,0.7182978676484433,0.6788321677218729
0.6345652784103021,0.6615470068945234,0.6345652784103021,0.595711893217916,0.5837706649312222,0.7085208367835466,0.7182978676484433,0.6788321677218729
0.6449107694416384,0.6723323884139474,0.6402864326881004,0.6031034499564893,0.5875593945371845,0.7085208367835466,0.7182978676484433,0.6788321677218729
0.6339304005249635,0.6585355585433091,0.6315134807657207,0.592682660104001,0.5747177234530911,0.7085208367835466,0.7182978676484433,0.6788321677218729
0.6566161569541191,0.684535489240424,0.6566161569541191,0.6104867699769235,0.5976434731766445,0.7085208367835466,0.7182978676484433,0.6788321677218729
0.6492561783718844,0.6889847482213258,0.6563590725977221,0.6130286267432421,0.5943696618059908,0.7085208367835466,0.7182978676484433,0.6788321677218729
0.655060050691398,0.6949641963503783,0.6618395213368323,0.6145391549007544,0.601782350704903,0.7085208367835466,0.7182978676484433,0.6788321677218729
0.6424541457437436,0.6817664930952138,0.6494826254012063,0.6101495675095302,0.5860270554521048,0.7085208367835466,0.7182978676484433,0.6788321677218729
0.6449107694416384,0.6723323884139474,0.6402864326881004,0.6030633549880531,0.5874194393077726,0.7085208367835466,0.7182978676484433,0.6788321677218729
0.658981861435575,0.6853905495734646,0.6589818614355749,0.6093778983700271,0.5965107272594993,0.7085208367835466,0.7182978676484433,0.6788321677218729
0.6449107694416384,0.6723323884139474,0.6402864326881004,0.6031034499564893,0.5875593945371845,0.7085208367835466,0.7182978676484433,0.6788321677218729
0.655060050691398,0.6949641963503783,0.6618395213368323,0.6150237337219009,0.6022771934541546,0.7085208367835466,0.7182978676484433,0.6788321677218729
0.6369076757187141,0.662431741197606,0.636907675718714,0.5964385216264373,0.5844104354773313,0.7085208367835466,0.7182978676484433,0.6788321677218729
0.6426060962796589,0.6603756616073518,0.632615063529297,0.5961247329705648,0.5793943643297523,0.7085208367835466,0.7182978676484433,0.6788321677218729
0.6647562709748744,0.6871742295785715,0.6544208544377925,0.6127874703128944,0.5979074993561211,0.7085208367835466,0.7182978676484433,0.6788321677218729
0.655060050691398,0.6949641963503783,0.6622264395632,0.6151412840749542,0.6023972311416852,0.7085208367835466,0.7182978676484433,0.6788321677218729
0.658981861435575,0.6853905495734646,0.6589818614355749,0.6088761835047435,0.5959981808303507,0.7085208367835466,0.7182978676484433,0.6788321677218729
0.6566161569541191,0.684535489240424,0.6566161569541191,0.6091430932560676,0.5962708552120889,0.7085208367835466,0.7182978676484433,0.6788321677218729
0.6566161569541191,0.684535489240424,0.6566161569541191,0.610588942632882,0.5977478411331373,0.7085208367835466,0.7182978676484433,0.6788321677218729
0.655060050691398,0.6949641963503783,0.6618395213368323,0.6174099669399455,0.6047137273045571,0.7085208367835466,0.7182978676484433,0.6788321677218729
0.6504658394161583,0.6755382493246966,0.643339489898508,0.6053457095393283,0.5892784839684675,0.7085208367835466,0.7182978676484433,0.6788321677218729
0.658981861435575,0.6853905495734646,0.6589818614355749,0.6108105891177449,0.597974247348623,0.7085208367835466,0.7182978676484433,0.6788321677218729
0.6630738175018894,0.7034661359898269,0.6699362257296014,0.6177221214761329,0.6114328124581928,0.7085208367835466,0.7182978676484433,0.6788321677218729
0.6504658394161583,0.6755382493246966,0.643339489898508,0.6053457095393283,0.5892784839684675,0.7085208367835466,0.7182978676484433,0.6788321677218729
0.655060050691398,0.6949641963503783,0.6618395213368323,0.6164218799968516,0.6037048607164253,0.7085208367835466,0.7182978676484433,0.6788321677218729
0.6450356592714868,0.6667885683282909,0.6410966305479256,0.5987800789335918,0.5873409597218402,0.7085208367835466,0.7182978676484433,0.6788321677218729
0.6496504396449958,0.677273589490302,0.6496504396449958,0.6067798305529605,0.5893472116478864,0.7085208367835466,0.7182978676484433,0.6788321677218729
0.655060050691398,0.6949641963503783,0.6618395213368323,0.6150911687575807,0.6023460555173846,0.7085208367835466,0.7182978676484433,0.6788321677218729
0.6378172282868707,0.6649372297456766,0.6336139566612902,0.5981588128271023,0.5792435267549866,0.7085208367835466,0.7182978676484433,0.6788321677218729
0.6636464521843597,0.6868734851443636,0.6541344446436964,0.6115209893626031,0.5958133638998251,0.7085208367835466,0.7182978676484433,0.6788321677218729
0.6566161569541191,0.684535489240424,0.6566161569541191,0.6104867699769235,0.5976434731766445,0.7085208367835466,0.7182978676484433,0.6788321677218729
0.6460361130901223,0.6853905495734646,0.6527221915037917,0.6067727836781306,0.5938491691720154,0.7085208367835466,0.7182978676484433,0.6788321677218729
0.6680668016971322,0.688360794640267,0.6555508632304636,0.6118298973036966,0.596271151607416,0.7085208367835466,0.7182978676484433,0.6788321677218729
0.64361447206775,0.6714848076696937,0.6502754879788174,0.6056460095895506,0.5991838189203461,0.7085208367835466,0.7182978676484433,0.6788321677218729
0.6529782379033394,0.6793218121797641,0.6529782379033393,0.6089595184155304,0.5924960353015569,0.7085208367835466,0.7182978676484433,0.6788321677218729
0.6483189139930102,0.6878124113451128,0.6550286179990115,0.6164265982827034,0.599670737340162,0.7085208367835466,0.7182978676484433,0.6788321677218729
0.6566161569541191,0.684535489240424,0.6566161569541191,0.6131203087817848,0.6015144493693293,0.7085208367835466,0.7182978676484433,0.6788321677218729
0.6483189139930102,0.6878124113451128,0.6550286179990115,0.6127500961323782,0.5940456485839362,0.7085208367835466,0.7182978676484433,0.6788321677218729
0.6408635152878871,0.6603311487995747,0.628857218458738,0.5920020933398114,0.5750211389664613,0.7085208367835466,0.7182978676484433,0.6788321677218729
0.6266569139580441,0.6509797613533699,0.6242677250559863,0.5881617630468602,0.5676275444814984,0.7085208367835466,0.7182978676484433,0.6788321677218729
0.6337277384198722,0.6723323884139474,0.6402864326881004,0.599048597961533,0.5859546462256818,0.7085208367835466,0.7182978676484433,0.6788321677218729
0.6577585425074111,0.6799405126835399,0.6475319244001936,0.6085705484826591,0.5880513087232168,0.7085208367835466,0.7182978676484433,0.6788321677218729
0.7071337406740037,0.6986500932225442,0.6986500932225442,0.6594357236908831,0.6574553110021264,0.7085208367835466,0.7182978676484433,0.6788321677218729
0.6492561783718844,0.6889847482213258,0.6563590725977221,0.6155623589131759,0.5969825921912767,0.7085208367835466,0.7182978676484433,0.6788321677218729
0.6647562709748744,0.6871742295785715,0.6544208544377925,0.6099761201668346,0.5950258491759813,0.7085208367835466,0.7182978676484433,0.6788321677218729
0.6483189139930102,0.6878124113451128,0.6550286179990115,0.6145160742469585,0.5965158060245064,0.7085208367835466,0.7182978676484433,0.6788321677218729
0.6566161569541191,0.684535489240424,0.6566161569541191,0.612751909300688,0.6005125624242462,0.7085208367835466,0.7182978676484433,0.6788321677218729
0.6588846750121216,0.684281591580693,0.6516660907277042,0.609692698609832,0.5986329410111825,0.7085208367835466,0.7182978676484433,0.6788321677218729
0.655060050691398,0.6949641963503783,0.6618395213368323,0.6150237337219009,0.6022771934541546,0.7085208367835466,0.7182978676484433,0.6788321677218729
0.658981861435575,0.6853905495734646,0.6589818614355749,0.6094676263125717,0.5966023904049209,0.7085208367835466,0.7182978676484433,0.6788321677218729
0.6553884685884468,0.6774905113967223,0.6451986996276695,0.6002925094400046,0.5850948563298021,0.7085208367835466,0.7182978676484433,0.6788321677218729
0.655060050691398,0.6949641963503783,0.6618395213368323,0.6163545905536149,0.603636153664026,0.7085208367835466,0.7182978676484433,0.6788321677218729
0.6415135548031353,0.66396595612715,0.6323187768447202,0.5954222058032935,0.5816680618323512,0.7085208367835466,0.7182978676484433,0.6788321677218729
0.6620330607636215,0.682320021358184,0.6500099422950532,0.6098243414296692,0.5882828939885885,0.7085208367835466,0.7182978676484433,0.6788321677218729
0.6504658394161583,0.6755382493246966,0.643339489898508,0.605302789559925,0.5891275193127675,0.7085208367835466,0.7182978676484433,0.6788321677218729
0.655060050691398,0.6949641963503783,0.6618395213368323,0.6150237337219009,0.6022771934541546,0.7085208367835466,0.7182978676484433,0.6788321677218729
0.6529782379033394,0.6793218121797641,0.6529782379033393,0.6074542712736142,0.5886186281092541,0.7085208367835466,0.7182978676484433,0.6788321677218729
0.6474338999910111,0.6868734851443636,0.6541344446436964,0.6110661253384889,0.597360917911387,0.7085208367835466,0.7182978676484433,0.6788321677218729
0.6566161569541191,0.684535489240424,0.6566161569541191,0.6098963154775395,0.5970403171870924,0.7085208367835466,0.7182978676484433,0.6788321677218729
0.6474338999910111,0.6868734851443636,0.6541344446436964,0.6095533675486375,0.5958133638998251,0.7085208367835466,0.7182978676484433,0.6788321677218729
0.6566161569541191,0.6805150979945549,0.6566161569541191,0.6096374318470145,0.5975519697310298,0.7085208367835466,0.7182978676484433,0.6788321677218729
0.655060050691398,0.6949641963503783,0.6618395213368323,0.6150237337219009,0.6022771934541546,0.7085208367835466,0.7182978676484433,0.6788321677218729
0.655060050691398,0.6949641963503783,0.6618395213368323,0.6163545905536149,0.603636153664026,0.7085208367835466,0.7182978676484433,0.6788321677218729
0.658981861435575,0.6853905495734646,0.6589818614355749,0.6093778983700271,0.5965107272594993,0.7085208367835466,0.7182978676484433,0.6788321677218729
0.655060050691398,0.6949641963503783,0.6618395213368323,0.6158371160096432,0.6031077666295304,0.7085208367835466,0.7182978676484433,0.6788321677218729
0.6440472173048034,0.6587360528946775,0.6440472173048033,0.6002854548270782,0.5902076088567897,0.7085208367835466,0.7182978676484433,0.6788321677218729
0.6205511569151873,0.6444704959989436,0.6181852467907835,0.5813639065778752,0.5710211645749725,0.7085208367835466,0.7182978676484433,0.6788321677218729
0.655060050691398,0.6949641963503783,0.6618395213368323,0.6150237337219009,0.6022771934541546,0.7085208367835466,0.7182978676484433,0.6788321677218729
0.655060050691398,0.6949641963503783,0.6618395213368323,0.620187619898589,0.6075494289267848,0.7085208367835466,0.7182978676484433,0.6788321677218729
0.6449107694416384,0.6723323884139474,0.6402864326881004,0.604070456601246,0.5902024759461374,0.7085208367835466,0.7182978676484433,0.6788321677218729
0.6647562709748744,0.6871742295785715,0.6544208544377925,0.6099761201668346,0.5950258491759813,0.7085208367835466,0.7182978676484433,0.6788321677218729
0.655060050691398,0.6949641963503783,0.6618395213368323,0.6150237337219009,0.6022771934541546,0.7085208367835466,0.7182978676484433,0.6788321677218729
0.655060050691398,0.6949641963503783,0.6618395213368323,0.6150237337219009,0.6022771934541546,0.7085208367835466,0.7182978676484433,0.6788321677218729
0.6542860394688008,0.6771854663458552,0.6510929271309965,0.6062034638786299,0.5909594970923729,0.7085208367835466,0.7182978676484433,0.6788321677218729
0.6134959462631947,0.6349677563177528,0.610501901828445,0.5762602570676264,0.5681874952672401,0.7085208367835466,0.7182978676484433,0.6788321677218729
0.6663041994173273,0.6865446494540688,0.6585433719472414,0.6095857186445119,0.6004865123012373,0.7085208367835466,0.7182978676484433,0.6788321677218729
0.655060050691398,0.6949641963503783,0.6618395213368323,0.6129559380343759,0.6001654827507052,0.7085208367835466,0.7182978676484433,0.6788321677218729
0.6378172282868707,0.6649372297456766,0.6332437558150737,0.5986529803649018,0.5806033052377714,0.7085208367835466,0.7182978676484433,0.6788321677218729
0.658981861435575,0.6853905495734646,0.6589818614355749,0.6137251576121708,0.6018602959369678,0.7085208367835466,0.7182978676484433,0.6788321677218729
0.655060050691398,0.6949641963503783,0.6618395213368323,0.6150237337219009,0.6022771934541546,0.7085208367835466,0.7182978676484433,0.6788321677218729
0.6496504396449958,0.6732958485944041,0.6496504396449958,0.6064933327753034,0.5893472116478864,0.7085208367835466,0.7182978676484433,0.6788321677218729
0.6504658394161583,0.6755382493246966,0.643339489898508,0.6053457095393283,0.5892784839684675,0.7085208367835466,0.7182978676484433,0.6788321677218729
0.6504658394161583,0.6755382493246966,0.643339489898508,0.6058358853358196,0.590586975058916,0.7085208367835466,0.7182978676484433,0.6788321677218729
0.6492561783718844,0.6889847482213258,0.6563590725977221,0.6169225934640625,0.5995447023897861,0.7085208367835466,0.7182978676484433,0.6788321677218729
0.622445351442642,0.6489117403868411,0.617982103111036,0.5874217055219225,0.5748832022820851,0.7085208367835466,0.7182978676484433,0.6788321677218729
0.6449107694416384,0.6723323884139474,0.6402864326881004,0.6031034499564893,0.5875593945371845,0.7085208367835466,0.7182978676484433,0.6788321677218729
0.655060050691398,0.6949641963503783,0.6622264395632,0.6175204006817829,0.6048264792252197,0.7085208367835466,0.7182978676484433,0.6788321677218729
0.6426060962796589,0.6642770717843417,0.632615063529297,0.5966819087976315,0.58012340984444,0.7085208367835466,0.7182978676484433,0.6788321677218729
0.6449107694416384,0.6723323884139474,0.6402864326881004,0.6040304258217997,0.5900631476212576,0.7085208367835466,0.7182978676484433,0.6788321677218729
0.638803794970845,0.666137820859557,0.634594021784056,0.5993825296062579,0.5818418591271771,0.7085208367835466,0.7182978676484433,0.6788321677218729
0.6647562709748744,0.6871742295785715,0.6548034356347956,0.6100946430726466,0.5951473494184055,0.7085208367835466,0.7182978676484433,0.6788321677218729
0.6533430317574759,0.6731897579265508,0.6411029366617009,0.6030917886552614,0.580525317723797,0.7085208367835466,0.7182978676484433,0.6788321677218729
0.6337277384198722,0.6723323884139474,0.6402864326881004,0.5987365381295499,0.585635609235934,0.7085208367835466,0.7182978676484433,0.6788321677218729
0.655060050691398,0.6949641963503783,0.6618395213368323,0.6135434480583913,0.6007655011476319,0.7085208367835466,0.7182978676484433,0.6788321677218729
0.6492561783718844,0.6889847482213258,0.6563590725977221,0.6130286267432421,0.5943696618059908,0.7085208367835466,0.7182978676484433,0.6788321677218729
0.6483189139930102,0.6878124113451128,0.6550286179990115,0.6113219508194869,0.592572425822375,0.7085208367835466,0.7182978676484433,0.6788321677218729
0.6574786683880111,0.6714848076696937,0.6502754879788174,0.6091668182717206,0.598018213749945,0.7085208367835466,0.7182978676484433,0.6788321677218729
0.6488127447159354,0.6748139056549707,0.6488127447159353,0.60467192366138,0.5933069220629246,0.7085208367835466,0.7182978676484433,0.6788321677218729
0.6416974955606414,0.6578756649592075,0.6416974955606414,0.6004302311059604,0.5919216291416028,0.7085208367835466,0.7182978676484433,0.6788321677218729
0.655060050691398,0.6949641963503783,0.6618395213368323,0.6164218799968516,0.6037048607164253,0.7085208367835466,0.7182978676484433,0.6788321677218729
0.6488127447159354,0.6748139056549707,0.6488127447159353,0.6035152054347106,0.5905203027032062,0.7085208367835466,0.7182978676484433,0.6788321677218729
0.6472910759996287,0.6748139056549707,0.6472910759996287,0.6008113897329597,0.5877567105075329,0.7085208367835466,0.7182978676484433,0.6788321677218729
0.6630738175018894,0.7034661359898269,0.6699362257296014,0.6177221214761329,0.6114328124581928,0.7085208367835466,0.7182978676484433,0.6788321677218729
0.6240483030872551,0.6505828495678335,0.6240483030872551,0.5875115872949624,0.5780188999160505,0.7085208367835466,0.7182978676484433,0.6788321677218729
0.6504658394161583,0.6755382493246966,0.643339489898508,0.6058787675511352,0.5907375667466906,0.7085208367835466,0.7182978676484433,0.6788321677218729
0.6449107694416384,0.6723323884139474,0.6402864326881004,0.6030633549880531,0.5874194393077726,0.7085208367835466,0.7182978676484433,0.6788321677218729
0.6492561783718844,0.6889847482213258,0.6563590725977221,0.6130286267432421,0.5943696618059908,0.7085208367835466,0.7182978676484433,0.6788321677218729
0.655060050691398,0.6949641963503783,0.6618395213368323,0.6150237337219009,0.6022771934541546,0.7085208367835466,0.7182978676484433,0.6788321677218729
0.6553884685884468,0.6774905113967223,0.651386218533347,0.6057278678671829,0.5906700804380878,0.7085208367835466,0.7182978676484433,0.6788321677218729
0.655060050691398,0.6949641963503783,0.6618395213368323,0.6150237337219009,0.6022771934541546,0.7085208367835466,0.7182978676484433,0.6788321677218729
0.655060050691398,0.6949641963503783,0.6618395213368323,0.6150237337219009,0.6022771934541546,0.7085208367835466,0.7182978676484433,0.6788321677218729
0.6488127447159354,0.6748139056549707,0.6488127447159353,0.603383841690231,0.5903860475372427,0.7085208367835466,0.7182978676484433,0.6788321677218729
0.6492561783718844,0.6889847482213258,0.6563590725977221,0.6155623589131759,0.5969825921912767,0.7085208367835466,0.7182978676484433,0.6788321677218729
0.6488127447159354,0.6748139056549707,0.6488127447159353,0.60467192366138,0.5933069220629246,0.7085208367835466,0.7182978676484433,0.6788321677218729
0.655060050691398,0.6949641963503783,0.6618395213368323,0.6150911687575807,0.6023460555173846,0.7085208367835466,0.7182978676484433,0.6788321677218729
0.655060050691398,0.6949641963503783,0.6618395213368323,0.6164218799968516,0.6037048607164253,0.7085208367835466,0.7182978676484433,0.6788321677218729
0.6025889815112155,0.6229104368060284,0.5932201219810287,0.5673213820838442,0.5523573986454563,0.7085208367835466,0.7182978676484433,0.6788321677218729
0.655060050691398,0.6949641963503783,0.6618395213368323,0.6150237337219009,0.6022771934541546,0.7085208367835466,0.7182978676484433,0.6788321677218729
0.655060050691398,0.6949641963503783,0.6618395213368323,0.6150237337219009,0.6022771934541546,0.7085208367835466,0.7182978676484433,0.6788321677218729
0.655060050691398,0.6949641963503783,0.6618395213368323,0.6150237337219009,0.6022771934541546,0.7085208367835466,0.7182978676484433,0.6788321677218729
0.6369076757187141,0.662431741197606,0.636907675718714,0.5933098796403926,0.5812094713115767,0.7085208367835466,0.7182978676484433,0.6788321677218729
0.7015430619762352,0.7417100127837866,0.7107680744168009,0.6672202280001802,0.664855636246693,0.7085208367835466,0.7182978676484433,0.6788321677218729
0.6519298150772529,0.6683659568064346,0.6472551482125652,0.6079740834498703,0.5963355998443474,0.7085208367835466,0.7182978676484433,0.6788321677218729
0.655060050691398,0.6949641963503783,0.6618395213368323,0.6150237337219009,0.6022771934541546,0.7085208367835466,0.7182978676484433,0.6788321677218729
0.6504658394161583,0.6755382493246966,0.643339489898508,0.6053457095393283,0.5892784839684675,0.7085208367835466,0.7182978676484433,0.6788321677218729
0.655060050691398,0.6949641963503783,0.6618395213368323,0.6163545905536149,0.603636153664026,0.7085208367835466,0.7182978676484433,0.6788321677218729
0.655060050691398,0.6949641963503783,0.6618395213368323,0.6143857824399395,0.6022771934541546,0.7085208367835466,0.7182978676484433,0.6788321677218729
0.655060050691398,0.6949641963503783,0.6618395213368323,0.6150237337219009,0.6022771934541546,0.7085208367835466,0.7182978676484433,0.6788321677218729
0.6647562709748744,0.6871742295785715,0.6544208544377925,0.6091852933765978,0.5948747087051496,0.7085208367835466,0.7182978676484433,0.6788321677218729
0.6492561783718844,0.6888067708471838,0.6563590725977221,0.6117900143155987,0.5938376292152614,0.7085208367835466,0.7182978676484433,0.6788321677218729
0.6587315827378979,0.6811223136735142,0.6488689499767433,0.6079644490751595,0.5870206455551223,0.7085208367835466,0.7182978676484433,0.6788321677218729
0.6452301494619997,0.684535489240424,0.6519078866453463,0.6047980822286769,0.5918313484272956,0.7085208367835466,0.7182978676484433,0.6788321677218729
0.6680668016971322,0.688360794640267,0.6555508632304636,0.6118298973036966,0.596271151607416,0.7085208367835466,0.7182978676484433,0.6788321677218729
0.6630738175018894,0.7034661359898269,0.6699362257296014,0.6177221214761329,0.6114328124581928,0.7085208367835466,0.7182978676484433,0.6788321677218729
0.6568397170069611,0.6789907011015252,0.6466273845028838,0.6063423729031014,0.588375673013066,0.7085208367835466,0.7182978676484433,0.6788321677218729
0.6680668016971322,0.688360794640267,0.6555508632304636,0.6103418655547106,0.5947441936272991,0.7085208367835466,0.7182978676484433,0.6788321677218729
0.6519298150772529,0.6683659568064346,0.6472551482125652,0.6079322390442954,0.5963226894420512,0.7085208367835466,0.7182978676484433,0.6788321677218729
0.6566161569541191,0.684535489240424,0.6566161569541191,0.6104867699769235,0.5976434731766445,0.7085208367835466,0.7182978676484433,0.6788321677218729
0.658981861435575,0.6853905495734646,0.6589818614355749,0.6094676263125717,0.5966023904049209,0.7085208367835466,0.7182978676484433,0.6788321677218729
0.6369076757187141,0.662431741197606,0.636907675718714,0.5934279914315783,0.5815309365550582,0.7085208367835466,0.7182978676484433,0.6788321677218729
0.625630890725593,0.6522327288645915,0.6211448004643991,0.5869244344641829,0.5739333762036611,0.7085208367835466,0.7182978676484433,0.6788321677218729
0.6519298150772529,0.6683659568064346,0.6472551482125652,0.6080640555169513,0.5964734630090114,0.7085208367835466,0.7182978676484433,0.6788321677218729
0.6472910759996287,0.6748139056549707,0.6472910759996287,0.600824202309066,0.5877698076578202,0.7085208367835466,0.7182978676484433,0.6788321677218729
0.655060050691398,0.6949641963503783,0.6618395213368323,0.6138710977566634,0.6017521522617493,0.7085208367835466,0.7182978676484433,0.6788321677218729
0.6229189656827387,0.643926020743166,0.6132340221022325,0.5829082251030698,0.5683841443862148,0.7085208367835466,0.7182978676484433,0.6788321677218729
0.6504658394161583,0.6755382493246966,0.643339489898508,0.6051498708430919,0.5887418506143501,0.7085208367835466,0.7182978676484433,0.6788321677218729
0.6566161569541191,0.684535489240424,0.6566161569541191,0.6099687953604603,0.5971143575792468,0.7085208367835466,0.7182978676484433,0.6788321677218729
0.6604331360277517,0.6804952396495926,0.6484390736377694,0.6067730896418815,0.5889620196271939,0.7085208367835466,0.7182978676484433,0.6788321677218729
0.6449107694416384,0.6723323884139474,0.6402864326881004,0.6025536196337337,0.5860228744864586,0.7085208367835466,0.7182978676484433,0.6788321677218729
0.6577585425074111,0.6799405126835399,0.6475319244001936,0.6085323160538307,0.5879475387165559,0.7085208367835466,0.7182978676484433,0.6788321677218729
0.655060050691398,0.6949641963503783,0.6618395213368323,0.6150237337219009,0.6022771934541546,0.7085208367835466,0.7182978676484433,0.6788321677218729
0.6345652784103021,0.6615470068945234,0.6345652784103021,0.5948077512893953,0.5813069693613149,0.7085208367835466,0.7182978676484433,0.6788321677218729
0.648289630643405,0.6701522752509642,0.6443307309460218,0.6004583691733902,0.5807574322170276,0.7085208367835466,0.7182978676484433,0.6788321677218729
0.6446498489738399,0.6672120177920308,0.635410118686209,0.6003388685398106,0.5853356293775697,0.7085208367835466,0.7182978676484433,0.6788321677218729
0.6415135548031353,0.66396595612715,0.6323187768447202,0.5970606283807497,0.5807902758511632,0.7085208367835466,0.7182978676484433,0.6788321677218729
0.6630738175018894,0.7034661359898269,0.6699362257296014,0.6172102189348523,0.6109156399595365,0.7085208367835466,0.7182978676484433,0.6788321677218729
0.6298124308244768,0.6681785729070692,0.6363306040551562,0.5979670420246738,0.5790871866269487,0.7085208367835466,0.7182978676484433,0.6788321677218729
0.655060050691398,0.6949641963503783,0.6618395213368323,0.6150237337219009,0.6022771934541546,0.7085208367835466,0.7182978676484433,0.6788321677218729
0.655060050691398,0.6949641963503783,0.6622264395632,0.6151412840749542,0.6023972311416852,0.7085208367835466,0.7182978676484433,0.6788321677218729
0.6483189139930102,0.6878124113451128,0.6550286179990115,0.6121618247052493,0.5934388358691494,0.7085208367835466,0.7182978676484433,0.6788321677218729
0.6647562709748744,0.6871742295785715,0.6544208544377925,0.6099761201668346,0.5950258491759813,0.7085208367835466,0.7182978676484433,0.6788321677218729
0.646458018432237,0.6739454264629491,0.646458018432237,0.6040086110780059,0.5928218806485723,0.7085208367835466,0.7182978676484433,0.6788321677218729
0.6280252967166637,0.6522327288645915,0.6211448004643991,0.5887847562560792,0.5740726943214639,0.7085208367835466,0.7182978676484433,0.6788321677218729
0.655060050691398,0.6949641963503783,0.6618395213368323,0.6178121151611707,0.6051243131404532,0.7085208367835466,0.7182978676484433,0.6788321677218729
0.6353077287697568,0.6546065930923363,0.6279079349853174,0.5902649775587924,0.5765998732819432,0.7085208367835466,0.7182978676484433,0.6788321677218729
0.6449107694416384,0.6723323884139474,0.6402864326881004,0.6025924408250328,0.586129311645524,0.7085208367835466,0.7182978676484433,0.6788321677218729
0.655060050691398,0.6949641963503783,0.6618395213368323,0.6150237337219009,0.6022771934541546,0.7085208367835466,0.7182978676484433,0.6788321677218729
0.6483189139930102,0.6878124113451128,0.6550286179990115,0.6127500961323782,0.5940456485839362,0.7085208367835466,0.7182978676484433,0.6788321677218729
0.6636464521843597,0.6868734851443636,0.6541344446436964,0.6115209893626031,0.5958133638998251,0.7085208367835466,0.7182978676484433,0.6788321677218729
0.6647562709748744,0.6871742295785715,0.6544208544377925,0.6137861863116234,0.5989310281833631,0.7085208367835466,0.7182978676484433,0.6788321677218729
0.6452301494619997,0.684535489240424,0.6519078866453463,0.610215973754911,0.5973668549052917,0.7085208367835466,0.7182978676484433,0.6788321677218729
0.6501065409059275,0.672859689067023,0.6407886001575396,0.6030950716058948,0.5903856549461558,0.7085208367835466,0.7182978676484433,0.6788321677218729
0.655060050691398,0.6949641963503783,0.6618395213368323,0.6176037951428874,0.604911623701085,0.7085208367835466,0.7182978676484433,0.6788321677218729
0.6274962486166256,0.6494580567464283,0.6185023799250453,0.5853332724821529,0.5721460059550703,0.7085208367835466,0.7182978676484433,0.6788321677218729
0.6342774141325719,0.6564765569975001,0.6251863513743167,0.5920605727635805,0.572393399509473,0.7085208367835466,0.7182978676484433,0.6788321677218729
0.6603832107604847,0.6868480579513916,0.6603832107604846,0.611418884936401,0.5992048441258787,0.7085208367835466,0.7182978676484433,0.6788321677218729
0.655060050691398,0.6949641963503783,0.6618395213368323,0.6158371160096432,0.6031077666295304,0.7085208367835466,0.7182978676484433,0.6788321677218729
0.6647562709748744,0.6871742295785715,0.6544208544377925,0.6099761201668346,0.5950258491759813,0.7085208367835466,0.7182978676484433,0.6788321677218729
0.6566161569541191,0.684535489240424,0.6566161569541191,0.6118274957634245,0.5990129458416812,0.7085208367835466,0.7182978676484433,0.6788321677218729
0.6292147868293576,0.6561385048913941,0.6250682060495013,0.5900782659187889,0.5707586968613589,0.7085208367835466,0.7182978676484433,0.6788321677218729
0.6613405971073605,0.6880215401015001,0.6613405971073603,0.6116980217013445,0.599526069072711,0.7085208367835466,0.7182978676484433,0.6788321677218729
0.6483189139930102,0.6878124113451128,0.6550286179990115,0.6127500961323782,0.5940456485839362,0.7085208367835466,0.7182978676484433,0.6788321677218729
0.6181937276345338,0.6420221988668623,0.6114209437221657,0.5793545905417075,0.5637493028134302,0.7085208367835466,0.7182978676484433,0.6788321677218729
0.655060050691398,0.6949641963503783,0.6618395213368323,0.6150237337219009,0.6022771934541546,0.7085208367835466,0.7182978676484433,0.6788321677218729
0.6449107694416384,0.6723323884139474,0.6402864326881004,0.604171231997957,0.5904774836584327,0.7085208367835466,0.7182978676484433,0.6788321677218729
0.655060050691398,0.6949641963503783,0.6618395213368323,0.6131298053436142,0.6003430543568267,0.7085208367835466,0.7182978676484433,0.6788321677218729
0.655060050691398,0.6949641963503783,0.6618395213368323,0.6150237337219009,0.6022771934541546,0.7085208367835466,0.7182978676484433,0.6788321677218729
0.6488358096705266,0.688360794640267,0.6555508632304636,0.6075971946378864,0.5947441936272991,0.7085208367835466,0.7182978676484433,0.6788321677218729
0.6496504396449958,0.677273589490302,0.6496504396449958,0.6065571242755808,0.5887355562503086,0.7085208367835466,0.7182978676484433,0.6788321677218729
0.655060050691398,0.6949641963503783,0.6618395213368323,0.6178121151611707,0.6051243131404532,0.7085208367835466,0.7182978676484433,0.6788321677218729
0.6377206203603447,0.6513058578152224,0.6367827045399008,0.5955014176183069,0.5891340829098273,0.7085208367835466,0.7182978676484433,0.6788321677218729
0.6636464521843597,0.6868734851443636,0.6541344446436964,0.6143252697307094,0.5986912235871822,0.7085208367835466,0.7182978676484433,0.6788321677218729
0.655060050691398,0.6949641963503783,0.6618395213368323,0.6150237337219009,0.6022771934541546,0.7085208367835466,0.7182978676484433,0.6788321677218729
0.6044091290023654,0.6247919661793672,0.5993093216886752,0.5689345894014367,0.5526931516856485,0.7085208367835466,0.7182978676484433,0.6788321677218729
0.6483189139930102,0.6878124113451128,0.6550286179990115,0.6125264564102558,0.5938149645249571,0.7085208367835466,0.7182978676484433,0.6788321677218729
0.644364860954457,0.6693750185555505,0.6376779276078686,0.6010509187681801,0.5811941231538136,0.7085208367835466,0.7182978676484433,0.6788321677218729
0.6534498708188226,0.6763200325401162,0.644084010309487,0.6026878133941069,0.5867437639927487,0.7085208367835466,0.7182978676484433,0.6788321677218729
0.6350094768811534,0.657234241288296,0.6319104399570307,0.5919202414707608,0.5774441816414707,0.7085208367835466,0.7182978676484433,0.6788321677218729
0.6997855527901712,0.722651748645613,0.6997855527901712,0.6536395680772296,0.6487321613556399,0.7085208367835466,0.7182978676484433,0.6788321677218729
0.6401308357861316,0.6648048797364347,0.6376902762795502,0.5973402717136237,0.5843895424177648,0.7085208367835466,0.7182978676484433,0.6788321677218729
0.6586850064212476,0.6786940067758583,0.6525433421990668,0.60624451974142,0.590538636095122,0.7085208367835466,0.7182978676484433,0.6788321677218729
0.6599439445164994,0.6865685413429875,0.6599439445164992,0.6135180265762549,0.6013369286956549,0.7085208367835466,0.7182978676484433,0.6788321677218729
0.6506190632778472,0.6784586573117836,0.6506190632778472,0.6074492365799217,0.5896738065668146,0.7085208367835466,0.7182978676484433,0.6788321677218729
0.6504658394161583,0.6755382493246966,0.643339489898508,0.6053457095393283,0.5892784839684675,0.7085208367835466,0.7182978676484433,0.6788321677218729
0.6630738175018894,0.7034661359898269,0.6699362257296014,0.6163942172876768,0.6100912193231839,0.7085208367835466,0.7182978676484433,0.6788321677218729
0.655060050691398,0.6949641963503783,0.6618395213368323,0.6150237337219009,0.6022771934541546,0.7085208367835466,0.7182978676484433,0.6788321677218729
0.6647562709748744,0.6871742295785715,0.6544208544377925,0.6113858096745538,0.5964708729562772,0.7085208367835466,0.7182978676484433,0.6788321677218729
0.6504658394161583,0.6755382493246966,0.6437155928152407,0.605347581496437,0.5892502357604713,0.7085208367835466,0.7182978676484433,0.6788321677218729
0.652008572679345,0.6781378063757155,0.6520085726793449,0.6065358404531335,0.5882914473994688,0.7085208367835466,0.7182978676484433,0.6788321677218729
0.655060050691398,0.6949641963503783,0.6618395213368323,0.6150237337219009,0.6022771934541546,0.7085208367835466,0.7182978676484433,0.6788321677218729
0.6571340262375913,0.6792949354918524,0.646917117908325,0.6058598071342924,0.5886851579238446,0.7085208367835466,0.7182978676484433,0.6788321677218729
0.6329286073688961,0.657325039164664,0.6305155070410475,0.5933863393674796,0.578194198476833,0.7085208367835466,0.7182978676484433,0.6788321677218729
0.6545516456121035,0.6766254677571656,0.6490287520797203,0.6052993053552959,0.5902288446209619,0.7085208367835466,0.7182978676484433,0.6788321677218729
0.6205511569151873,0.6444704959989436,0.6181852467907835,0.5808281449871597,0.5695308722621492,0.7085208367835466,0.7182978676484433,0.6788321677218729
0.655060050691398,0.6949641963503783,0.6618395213368323,0.6150237337219009,0.6022771934541546,0.7085208367835466,0.7182978676484433,0.6788321677218729
0.6426060962796589,0.6642770717843417,0.6329848968355036,0.5967269584783862,0.5802487327634964,0.7085208367835466,0.7182978676484433,0.6788321677218729
0.6280252967166637,0.6522327288645915,0.6211448004643991,0.5887847562560792,0.5740726943214639,0.7085208367835466,0.7182978676484433,0.6788321677218729
0.6647562709748744,0.6871742295785715,0.6544208544377925,0.612656519752852,0.5977732891401976,0.7085208367835466,0.7182978676484433,0.6788321677218729
0.655060050691398,0.6949641963503783,0.6618395213368323,0.6150237337219009,0.6022771934541546,0.7085208367835466,0.7182978676484433,0.6788321677218729
0.655060050691398,0.6949641963503783,0.6618395213368323,0.6150237337219009,0.6022771934541546,0.7085208367835466,0.7182978676484433,0.6788321677218729
0.6519298150772529,0.6683659568064346,0.6472551482125652,0.6080640555169513,0.5964734630090114,0.7085208367835466,0.7182978676484433,0.6788321677218729
0.630488063721176,0.6547904239961548,0.6295607850497871,0.5903912712044992,0.5799538947402485,0.7085208367835466,0.7182978676484433,0.6788321677218729
0.6280252967166637,0.6522327288645915,0.6211448004643991,0.5887847562560792,0.5740726943214639,0.7085208367835466,0.7182978676484433,0.6788321677218729
0.6492561783718844,0.6889847482213258,0.6563590725977221,0.6122721320622722,0.5943696618059908,0.7085208367835466,0.7182978676484433,0.6788321677218729
0.652008572679345,0.6741549897897252,0.6520085726793449,0.6071240089353934,0.5897529721679979,0.7085208367835466,0.7182978676484433,0.6788321677218729
0.6477173759820792,0.6871742295785715,0.6544208544377925,0.6052102602471167,0.5922525507097187,0.7085208367835466,0.7182978676484433,0.6788321677218729
0.655060050691398,0.6949641963503783,0.6622264395632,0.6164558261434696,0.6037395218966645,0.7085208367835466,0.7182978676484433,0.6788321677218729
0.6179820749862617,0.6388226404382459,0.614208253943924,0.5763112576258577,0.56232745244979,0.7085208367835466,0.7182978676484433,0.6788321677218729
0.6647562709748744,0.6871742295785715,0.6544208544377925,0.6080390597936284,0.5930399583911132,0.7085208367835466,0.7182978676484433,0.6788321677218729
0.6449107694416384,0.6723323884139474,0.6402864326881004,0.6045646435494505,0.5915202948997874,0.7085208367835466,0.7182978676484433,0.6788321677218729
0.655060050691398,0.6949641963503783,0.6618395213368323,0.6136899907819432,0.6009151599849407,0.7085208367835466,0.7182978676484433,0.6788321677218729
0.6534498708188226,0.6763200325401162,0.6487357742844568,0.6066915260644672,0.5936112718882716,0.7085208367835466,0.7182978676484433,0.6788321677218729
0.6504658394161583,0.6755382493246966,0.643339489898508,0.6051224754553873,0.5886667571592582,0.7085208367835466,0.7182978676484433,0.6788321677218729
0.655060050691398,0.6949641963503783,0.6618395213368323,0.6150237337219009,0.6022771934541546,0.7085208367835466,0.7182978676484433,0.6788321677218729
0.6636464521843597,0.6868734851443636,0.6541344446436964,0.6115209893626031,0.5958133638998251,0.7085208367835466,0.7182978676484433,0.6788321677218729
0.6566161569541191,0.684535489240424,0.6566161569541191,0.6104867699769235,0.5976434731766445,0.7085208367835466,0.7182978676484433,0.6788321677218729
0.6647562709748744,0.6871742295785715,0.6544208544377925,0.6113179658975113,0.5964013325294338,0.7085208367835466,0.7182978676484433,0.6788321677218729
0.6449107694416384,0.6723323884139474,0.6402864326881004,0.6040170520670369,0.5900567060414277,0.7085208367835466,0.7182978676484433,0.6788321677218729
0.6553884685884468,0.6774905113967223,0.651386218533347,0.6057278678671829,0.5906700804380878,0.7085208367835466,0.7182978676484433,0.6788321677218729
0.6415135548031353,0.66396595612715,0.6323187768447202,0.5970998067058572,0.5808976717735701,0.7085208367835466,0.7182978676484433,0.6788321677218729
0.6566161569541191,0.684535489240424,0.6566161569541191,0.6129605411734246,0.6010800818415222,0.7085208367835466,0.7182978676484433,0.6788321677218729
0.658981861435575,0.6813651364154644,0.6589818614355749,0.6087067060715329,0.5966023904049209,0.7085208367835466,0.7182978676484433,0.6788321677218729
0.6449107694416384,0.6723323884139474,0.6402864326881004,0.6035726598556126,0.5888126917211826,0.7085208367835466,0.7182978676484433,0.6788321677218729
0.644364860954457,0.6693750185555505,0.6376779276078686,0.6010509187681801,0.5811941231538136,0.7085208367835466,0.7182978676484433,0.6788321677218729
0.6488127447159354,0.6748139056549707,0.6488127447159353,0.6041077295231876,0.591772315491299,0.7085208367835466,0.7182978676484433,0.6788321677218729
0.6504658394161583,0.6755382493246966,0.643339489898508,0.6050795396413681,0.5885156355848474,0.7085208367835466,0.7182978676484433,0.6788321677218729
0.6630738175018894,0.7034661359898269,0.6699362257296014,0.6226260635230368,0.6163867939595673,0.7085208367835466,0.7182978676484433,0.6788321677218729
0.655060050691398,0.6949641963503783,0.6618395213368323,0.6172334198281069,0.6045334724119795,0.7085208367835466,0.7182978676484433,0.6788321677218729
0.6533369830728023,0.6811168848192897,0.6486522261010975,0.6079734335986492,0.5964110524638688,0.7085208367835466,0.7182978676484433,0.6788321677218729
0.6553884685884468,0.6774905113967223,0.651386218533347,0.6057278678671829,0.5906700804380878,0.7085208367835466,0.7182978676484433,0.6788321677218729
0.6542860394688008,0.6771854663458552,0.6510929271309965,0.6063877242895915,0.5914633947580903,0.7085208367835466,0.7182978676484433,0.6788321677218729
0.6492561783718844,0.6889847482213258,0.6563590725977221,0.6143638054621966,0.5957466601926142,0.7085208367835466,0.7182978676484433,0.6788321677218729
0.6680694828370973,0.6822444667734157,0.6555534941404478,0.611979611551187,0.5969899251636057,0.7085208367835466,0.7182978676484433,0.6788321677218729
0.655060050691398,0.6949641963503783,0.6618395213368323,0.6150237337219009,0.6022771934541546,0.7085208367835466,0.7182978676484433,0.6788321677218729
0.6283577647258698,0.6552448113333089,0.6242168317970439,0.5890552082548974,0.5701212144904017,0.7085208367835466,0.7182978676484433,0.6788321677218729
0.601524970825043,0.6248723555645574,0.595282610898312,0.5690254480759144,0.5502632270224624,0.7085208367835466,0.7182978676484433,0.6788321677218729
0.6449107694416384,0.6723323884139474,0.640660750756025,0.6035190711805436,0.5886963308193114,0.7085208367835466,0.7182978676484433,0.6788321677218729
0.658981861435575,0.6853905495734646,0.6589818614355749,0.6088238531350338,0.5966023904049209,0.7085208367835466,0.7182978676484433,0.6788321677218729
0.6647562709748744,0.6871742295785715,0.6544208544377925,0.6092838132629128,0.5943143991720105,0.7085208367835466,0.7182978676484433,0.6788321677218729
0.6647562709748744,0.6871742295785715,0.6544208544377925,0.6084399666618548,0.5934492674108469,0.7085208367835466,0.7182978676484433,0.6788321677218729
0.6566161569541191,0.684535489240424,0.6566161569541191,0.6104867699769235,0.5976434731766445,0.7085208367835466,0.7182978676484433,0.6788321677218729
0.6566161569541191,0.684535489240424,0.6566161569541191,0.6126525453437268,0.6002421524140824,0.7085208367835466,0.7182978676484433,0.6788321677218729
0.644789755959763,0.6634373233366891,0.6416429883369714,0.5961761641442455,0.5808516130398362,0.7085208367835466,0.7182978676484433,0.6788321677218729
0.7059062712495916,0.7308492283767918,0.7059062712495916,0.6593859577104572,0.6569931701487615,0.7085208367835466,0.7182978676484433,0.6788321677218729
0.655060050691398,0.6949641963503783,0.6618395213368323,0.6176822298424329,0.6049917038909752,0.7085208367835466,0.7182978676484433,0.6788321677218729
0.6504658394161583,0.6755382493246966,0.643339489898508,0.6053457095393283,0.5892784839684675,0.7085208367835466,0.7182978676484433,0.6788321677218729
0.6496504396449958,0.677273589490302,0.6496504396449958,0.6067798305529605,0.5893472116478864,0.7085208367835466,0.7182978676484433,0.6788321677218729
0.6296899812889485,0.654924797772648,0.6296899812889483,0.5908838429889766,0.574499256100731,0.7085208367835466,0.7182978676484433,0.6788321677218729
0.6369076757187141,0.6585411689553227,0.636907675718714,0.5956832299315301,0.5831478584767691,0.7085208367835466,0.7182978676484433,0.6788321677218729
0.6329105307498611,0.6542545371138577,0.6290455463505742,0.5904237111656143,0.5782108995430906,0.7085208367835466,0.7182978676484433,0.6788321677218729
0.6588846750121216,0.684281591580693,0.6516660907277042,0.609692698609832,0.5986329410111825,0.7085208367835466,0.7182978676484433,0.6788321677218729
0.655060050691398,0.6949641963503783,0.6618395213368323,0.6150237337219009,0.6022771934541546,0.7085208367835466,0.7182978676484433,0.6788321677218729
0.6433793152946761,0.6681785729070692,0.6363306040551562,0.6014470059123518,0.58381432246337,0.7085208367835466,0.7182978676484433,0.6788321677218729
0.655060050691398,0.6949641963503783,0.6618395213368323,0.6146110872629503,0.601855807731662,0.7085208367835466,0.7182978676484433,0.6788321677218729
0.6504658394161583,0.6755382493246966,0.643339489898508,0.6053457095393283,0.5892784839684675,0.7085208367835466,0.7182978676484433,0.6788321677218729
0.6564149843550101,0.692311584906421,0.6632084777346796,0.6147049480225129,0.6033261961800034,0.7085208367835466,0.7182978676484433,0.6788321677218729
0.6433793152946761,0.6681785729070692,0.6363306040551562,0.6009118467862259,0.5823429295632404,0.7085208367835466,0.7182978676484433,0.6788321677218729
0.6492561783718844,0.6889847482213258,0.6563590725977221,0.6130286267432421,0.5943696618059908,0.7085208367835466,0.7182978676484433,0.6788321677218729
0.6680668016971322,0.688360794640267,0.6559341050422892,0.611948061167619,0.596392398150236,0.7085208367835466,0.7182978676484433,0.6788321677218729
0.6449107694416384,0.6723323884139474,0.6402864326881004,0.6030633549880531,0.5874194393077726,0.7085208367835466,0.7182978676484433,0.6788321677218729
0.6558226958824097,0.6707800957392678,0.6558226958824096,0.6085667537818812,0.6021359096855468,0.7085208367835466,0.7182978676484433,0.6788321677218729
0.6578469562868982,0.6778304990323757,0.6501846351820209,0.6057698375822566,0.5900513190638722,0.7085208367835466,0.7182978676484433,0.6788321677218729
0.6452301494619997,0.684535489240424,0.6519078866453463,0.6086622604199623,0.5957796337349265,0.7085208367835466,0.7182978676484433,0.6788321677218729
0.658981861435575,0.6853905495734646,0.6589818614355749,0.6094676263125717,0.5966023904049209,0.7085208367835466,0.7182978676484433,0.6788321677218729
0.655060050691398,0.6949641963503783,0.6618395213368323,0.6145095833572183,0.6017521522617493,0.7085208367835466,0.7182978676484433,0.6788321677218729
0.6450356592714868,0.6667885683282909,0.6410966305479256,0.5980299466743285,0.5852976223737533,0.7085208367835466,0.7182978676484433,0.6788321677218729
0.6577585425074111,0.6799405126835399,0.6475319244001936,0.6076835973126107,0.5866925736994584,0.7085208367835466,0.7182978676484433,0.6788321677218729
0.6504658394161583,0.6755382493246966,0.643339489898508,0.6047949416565044,0.5877350132128669,0.7085208367835466,0.7182978676484433,0.6788321677218729
0.6267572023295984,0.6649372297456766,0.6332437558150737,0.5952310669177189,0.5765421935711742,0.7085208367835466,0.7182978676484433,0.6788321677218729
0.6418113353191736,0.6613077609411373,0.6297872814975218,0.5963033333298497,0.5773352020299304,0.7085208367835466,0.7182978676484433,0.6788321677218729
0.655060050691398,0.6949641963503783,0.6618395213368323,0.6150237337219009,0.6022771934541546,0.7085208367835466,0.7182978676484433,0.6788321677218729
0.6587315827378979,0.6809463673101583,0.6488689499767433,0.609444303741193,0.5896989120637863,0.7085208367835466,0.7182978676484433,0.6788321677218729
0.655060050691398,0.6949641963503783,0.6618395213368323,0.6150237337219009,0.6022771934541546,0.7085208367835466,0.7182978676484433,0.6788321677218729
0.655060050691398,0.6949641963503783,0.6618395213368323,0.6143857824399395,0.6022771934541546,0.7085208367835466,0.7182978676484433,0.6788321677218729
0.655060050691398,0.6949641963503783,0.6618395213368323,0.6150237337219009,0.6022771934541546,0.7085208367835466,0.7182978676484433,0.6788321677218729
0.655060050691398,0.6949641963503783,0.6618395213368323,0.619007370972597,0.6063445802777426,0.7085208367835466,0.7182978676484433,0.6788321677218729
0.6449107694416384,0.6723323884139474,0.6402864326881004,0.6040814010856947,0.5902022887947405,0.7085208367835466,0.7182978676484433,0.6788321677218729
0.655060050691398,0.6949641963503783,0.6618395213368323,0.6177832124716598,0.6050948044113331,0.7085208367835466,0.7182978676484433,0.6788321677218729
0.655060050691398,0.6908825555660564,0.6618395213368323,0.6127875889317236,0.6007655011476319,0.7085208367835466,0.7182978676484433,0.6788321677218729
0.6472910759996287,0.6748139056549707,0.6472910759996287,0.6041634112434865,0.591923882795596,0.7085208367835466,0.7182978676484433,0.6788321677218729
0.6449107694416384,0.6723323884139474,0.6402864326881004,0.6041091803177586,0.5903081594909857,0.7085208367835466,0.7182978676484433,0.6788321677218729
0.6647562709748744,0.6871742295785715,0.6544208544377925,0.6099761201668346,0.5950258491759813,0.7085208367835466,0.7182978676484433,0.6788321677218729
0.6401308357861316,0.6648048797364347,0.6376902762795502,0.5986571673287604,0.5873382151415798,0.7085208367835466,0.7182978676484433,0.6788321677218729
0.6449169700729227,0.6645077361554756,0.6389036808029965,0.5952646901697508,0.5872232155884796,0.7085208367835466,0.7182978676484433,0.6788321677218729
0.604752625777466,0.6280630055206466,0.598127099390292,0.5690570930503663,0.5567482420916976,0.7085208367835466,0.7182978676484433,0.6788321677218729
0.652008572679345,0.6781378063757155,0.6520085726793449,0.6073846021878483,0.5896826395092943,0.7085208367835466,0.7182978676484433,0.6788321677218729
0.6409785642422013,0.6656852841518767,0.6400358568609841,0.5977319532742729,0.583448742243587,0.7085208367835466,0.7182978676484433,0.6788321677218729
0.6181937276345338,0.6420221988668623,0.6172845306308051,0.5803742289824925,0.5665738748096852,0.7085208367835466,0.7182978676484433,0.6788321677218729
0.655060050691398,0.6949641963503783,0.6618395213368323,0.6159088967822167,0.6031810622435627,0.7085208367835466,0.7182978676484433,0.6788321677218729
0.6458843115206361,0.6655044627192638,0.6337839522765562,0.5980353965981406,0.5812598955380278,0.7085208367835466,0.7182978676484433,0.6788321677218729
0.658981861435575,0.6853905495734646,0.6589818614355749,0.6108105891177449,0.597974247348623,0.7085208367835466,0.7182978676484433,0.6788321677218729
0.6339304005249635,0.6585355585433091,0.6315134807657207,0.5932792376952748,0.5763909368338119,0.7085208367835466,0.7182978676484433,0.6788321677218729
0.6457447968291278,0.667521620540228,0.6357049645728713,0.5989091515320847,0.5817572514890798,0.7085208367835466,0.7182978676484433,0.6788321677218729
0.6345652784103021,0.6615470068945234,0.6300151240656747,0.5937296182125366,0.5783603738947335,0.7085208367835466,0.7182978676484433,0.6788321677218729
0.6647562709748744,0.6871742295785715,0.6544208544377925,0.6099761201668346,0.5950258491759813,0.7085208367835466,0.7182978676484433,0.6788321677218729
0.6615859849971161,0.6725425895202267,0.6560037380007938,0.6106743170453333,0.6021947780602522,0.7085208367835466,0.7182978676484433,0.6788321677218729
0.6558226958824097,0.6707800957392678,0.6558226958824096,0.6070707235757372,0.6006238617862207,0.7085208367835466,0.7182978676484433,0.6788321677218729
0.6533369830728023,0.6811168848192897,0.6486522261010975,0.6084903519031704,0.5969082632361434,0.7085208367835466,0.7182978676484433,0.6788321677218729
0.6545516456121035,0.6766254677571656,0.6490287520797203,0.6052993053552959,0.5902288446209619,0.7085208367835466,0.7182978676484433,0.6788321677218729
0.6415135548031353,0.66396595612715,0.6323187768447202,0.5971011264286717,0.5809318281481184,0.7085208367835466,0.7182978676484433,0.6788321677218729
0.655060050691398,0.6949641963503783,0.6618395213368323,0.618735691173599,0.606067224197,0.7085208367835466,0.7182978676484433,0.6788321677218729
0.6465101474925794,0.6683127815649199,0.6410551055014042,0.5993887254620208,0.5837391637622401,0.7085208367835466,0.7182978676484433,0.6788321677218729
0.655060050691398,0.6949641963503783,0.6618395213368323,0.6163545905536149,0.603636153664026,0.7085208367835466,0.7182978676484433,0.6788321677218729
0.6337277384198722,0.6723323884139474,0.6402864326881004,0.599048597961533,0.5859546462256818,0.7085208367835466,0.7182978676484433,0.6788321677218729
0.6433793152946761,0.6642542485624341,0.6363306040551562,0.6000415265819466,0.5807096080297893,0.7085208367835466,0.7182978676484433,0.6788321677218729
0.6449107694416384,0.6723323884139474,0.6402864326881004,0.6031034499564893,0.5875593945371845,0.7085208367835466,0.7182978676484433,0.6788321677218729
0.6337277384198722,0.6723323884139474,0.6402864326881004,0.5987365381295499,0.585635609235934,0.7085208367835466,0.7182978676484433,0.6788321677218729
0.7071158825926467,0.7213767292044164,0.7071158825926467,0.6590584613105555,0.656594702422756,0.7085208367835466,0.7182978676484433,0.6788321677218729
0.646458018432237,0.6739454264629491,0.646458018432237,0.6040644361782461,0.5929735443561304,0.7085208367835466,0.7182978676484433,0.6788321677218729
0.6680668016971322,0.688360794640267,0.6555508632304636,0.6118298973036966,0.596271151607416,0.7085208367835466,0.7182978676484433,0.6788321677218729
0.655060050691398,0.6949641963503783,0.6622264395632,0.6151412840749542,0.6023972311416852,0.7085208367835466,0.7182978676484433,0.6788321677218729
0.655060050691398,0.6949641963503783,0.6618395213368323,0.6150237337219009,0.6022771934541546,0.7085208367835466,0.7182978676484433,0.6788321677218729
0.6345652784103021,0.6615470068945234,0.6345652784103021,0.5953179461914949,0.5826675732802429,0.7085208367835466,0.7182978676484433,0.6788321677218729
0.6588846750121216,0.684281591580693,0.6516660907277042,0.609692698609832,0.5986329410111825,0.7085208367835466,0.7182978676484433,0.6788321677218729
0.6542860394688008,0.6771854663458552,0.6510929271309965,0.607400198532499,0.594227306138532,0.7085208367835466,0.7182978676484433,0.6788321677218729
0.6261708173495727,0.6451921279673247,0.6144397817710023,0.5809568645392513,0.5659344919710467,0.7085208367835466,0.7182978676484433,0.6788321677218729
0.6492561783718844,0.6889847482213258,0.6563590725977221,0.6144313129262948,0.5958162770292477,0.7085208367835466,0.7182978676484433,0.6788321677218729
0.655060050691398,0.6949641963503783,0.6618395213368323,0.6150237337219009,0.6022771934541546,0.7085208367835466,0.7182978676484433,0.6788321677218729
0.652008572679345,0.6781378063757155,0.6520085726793449,0.6083954174573477,0.592454858500241,0.7085208367835466,0.7182978676484433,0.6788321677218729
0.6468091568711126,0.6686218746089447,0.6413515919362186,0.5982206922509711,0.5808761306823756,0.7085208367835466,0.7182978676484433,0.6788321677218729
0.658981861435575,0.6813651364154644,0.6589818614355749,0.6124569507380082,0.6004282427798588,0.7085208367835466,0.7182978676484433,0.6788321677218729
0.655060050691398,0.6908825555660564,0.6618395213368323,0.6166588471514538,0.6047137273045571,0.7085208367835466,0.7182978676484433,0.6788321677218729
0.6566161569541191,0.684535489240424,0.6566161569541191,0.6118952830464395,0.5990821831170309,0.7085208367835466,0.7182978676484433,0.6788321677218729
0.6353644587296611,0.6567912203203018,0.6258516822207598,0.5916832172823698,0.5717001020816245,0.7085208367835466,0.7182978676484433,0.6788321677218729
0.655060050691398,0.6949641963503783,0.6618395213368323,0.6163545905536149,0.603636153664026,0.7085208367835466,0.7182978676484433,0.6788321677218729
0.655060050691398,0.6949641963503783,0.6618395213368323,0.6150237337219009,0.6022771934541546,0.7085208367835466,0.7182978676484433,0.6788321677218729
0.655060050691398,0.6949641963503783,0.6618395213368323,0.6135434480583913,0.6007655011476319,0.7085208367835466,0.7182978676484433,0.6788321677218729
0.6483189139930102,0.6878124113451128,0.6554115545008756,0.612868082577641,0.5941673492658993,0.7085208367835466,0.7182978676484433,0.6788321677218729
0.655060050691398,0.6949641963503783,0.6618395213368323,0.6150237337219009,0.6022771934541546,0.7085208367835466,0.7182978676484433,0.6788321677218729
0.6309593974039879,0.6530424126475554,0.6264075509021277,0.5897575658576676,0.5774045687853411,0.7085208367835466,0.7182978676484433,0.6788321677218729
0.6571340262375913,0.6792949354918524,0.646917117908325,0.6047842755235385,0.5875781898433188,0.7085208367835466,0.7182978676484433,0.6788321677218729
0.6200610912389195,0.6450766652118325,0.6200610912389194,0.5841880997611505,0.5714131058094376,0.7085208367835466,0.7182978676484433,0.6788321677218729
0.6483189139930102,0.6878124113451128,0.6550286179990115,0.6127500961323782,0.5940456485839362,0.7085208367835466,0.7182978676484433,0.6788321677218729
0.6458843115206361,0.6655044627192638,0.6337839522765562,0.5984434959349937,0.5823788733643672,0.7085208367835466,0.7182978676484433,0.6788321677218729
0.6553884685884468,0.6774905113967223,0.651386218533347,0.6056258981624825,0.5905637717335067,0.7085208367835466,0.7182978676484433,0.6788321677218729
0.7001266465893901,0.7312466095633139,0.7097878442248977,0.6669298133584368,0.6644952398406703,0.7085208367835466,0.7182978676484433,0.6788321677218729
0.6449107694416384,0.6723323884139474,0.6402864326881004,0.6036384880547538,0.5890227357297239,0.7085208367835466,0.7182978676484433,0.6788321677218729
0.641169210966987,0.662962985036987,0.637253793420127,0.5956676215091746,0.5759204527464742,0.7085208367835466,0.7182978676484433,0.6788321677218729
0.655060050691398,0.6949641963503783,0.6618395213368323,0.6143857824399395,0.6022771934541546,0.7085208367835466,0.7182978676484433,0.6788321677218729
0.6504658394161583,0.6755382493246966,0.643339489898508,0.6053457095393283,0.5892784839684675,0.7085208367835466,0.7182978676484433,0.6788321677218729
0.6173147106565156,0.6373439579198628,0.6149611397903424,0.5805944342408094,0.5693656639609507,0.7085208367835466,0.7182978676484433,0.6788321677218729
0.6636464521843597,0.6868734851443636,0.6541344446436964,0.6149450258780266,0.6000583050467709,0.7085208367835466,0.7182978676484433,0.6788321677218729
0.6483189139930102,0.6878124113451128,0.6550286179990115,0.6127500961323782,0.5940456485839362,0.7085208367835466,0.7182978676484433,0.6788321677218729
0.622445351442642,0.6489117403868411,0.617982103111036,0.5838152929584631,0.5704886424452579,0.7085208367835466,0.7182978676484433,0.6788321677218729
0.6458843115206361,0.6655044627192638,0.6337839522765562,0.5990105848591604,0.5839314914139562,0.7085208367835466,0.7182978676484433,0.6788321677218729
0.6424541457437436,0.6817664930952138,0.6494826254012063,0.6092568867808293,0.5844733350085497,0.7085208367835466,0.7182978676484433,0.6788321677218729
0.6316981156117188,0.6429521163734977,0.6286152391249072,0.5894613705953414,0.5826315087954816,0.7085208367835466,0.7182978676484433,0.6788321677218729
0.6117709952851389,0.6346840930957285,0.6054223066512052,0.5747757542632207,0.556643071478389,0.7085208367835466,0.7182978676484433,0.6788321677218729
0.6339304005249635,0.6585355585433091,0.6315134807657207,0.5941642203212631,0.5787827646389931,0.7085208367835466,0.7182978676484433,0.6788321677218729
0.6471927213174727,0.6698438883960238,0.6440342265021871,0.6009138816936479,0.5816722220718247,0.7085208367835466,0.7182978676484433,0.6788321677218729
0.658981861435575,0.6853905495734646,0.6589818614355749,0.6108105891177449,0.597974247348623,0.7085208367835466,0.7182978676484433,0.6788321677218729
0.655060050691398,0.6949641963503783,0.6618395213368323,0.6174099669399455,0.6047137273045571,0.7085208367835466,0.7182978676484433,0.6788321677218729
0.6488127447159354,0.6748139056549707,0.6488127447159353,0.6019669889297251,0.5889379258248744,0.7085208367835466,0.7182978676484433,0.6788321677218729
0.6680668016971322,0.688360794640267,0.6555508632304636,0.6163900630984277,0.6018754413164059,0.7085208367835466,0.7182978676484433,0.6788321677218729
0.655060050691398,0.6949641963503783,0.6618395213368323,0.6150237337219009,0.6022771934541546,0.7085208367835466,0.7182978676484433,0.6788321677218729
0.6343092005958537,0.6566790881893162,0.6312135812302782,0.591604632042498,0.5778987067025942,0.7085208367835466,0.7182978676484433,0.6788321677218729
0.655060050691398,0.6949641963503783,0.6618395213368323,0.6150237337219009,0.6022771934541546,0.7085208367835466,0.7182978676484433,0.6788321677218729
0.655060050691398,0.6949641963503783,0.6618395213368323,0.6143857824399395,0.6022771934541546,0.7085208367835466,0.7182978676484433,0.6788321677218729
0.6492561783718844,0.6889847482213258,0.6563590725977221,0.6130286267432421,0.5943696618059908,0.7085208367835466,0.7182978676484433,0.6788321677218729
0.6504658394161583,0.6755382493246966,0.643339489898508,0.6053075586566138,0.5891405859886842,0.7085208367835466,0.7182978676484433,0.6788321677218729
0.655060050691398,0.6949641963503783,0.6618395213368323,0.6150237337219009,0.6022771934541546,0.7085208367835466,0.7182978676484433,0.6788321677218729
0.6449107694416384,0.6723323884139474,0.6402864326881004,0.6031034499564893,0.5875593945371845,0.7085208367835466,0.7182978676484433,0.6788321677218729
0.71582602793815,0.71582602793815,0.71582602793815,0.6648563842717587,0.6648563842717587,0.7085208367835466,0.7182978676484433,0.6788321677218729
0.655060050691398,0.6949641963503783,0.6618395213368323,0.6150237337219009,0.6022771934541546,0.7085208367835466,0.7182978676484433,0.6788321677218729
0.655060050691398,0.6949641963503783,0.6622264395632,0.6151412840749542,0.6023972311416852,0.7085208367835466,0.7182978676484433,0.6788321677218729
0.655060050691398,0.6949641963503783,0.6618395213368323,0.6151251527859284,0.6023807585769131,0.7085208367835466,0.7182978676484433,0.6788321677218729
0.6647562709748744,0.6871742295785715,0.6544208544377925,0.6124216409403105,0.597530841255089,0.7085208367835466,0.7182978676484433,0.6788321677218729
0.6401308357861316,0.6648048797364347,0.6376902762795502,0.5975864071222168,0.5843895424177648,0.7085208367835466,0.7182978676484433,0.6788321677218729
0.655060050691398,0.6949641963503783,0.6618395213368323,0.6150237337219009,0.6022771934541546,0.7085208367835466,0.7182978676484433,0.6788321677218729
0.655060050691398,0.6949641963503783,0.6618395213368323,0.6150237337219009,0.6022771934541546,0.7085208367835466,0.7182978676484433,0.6788321677218729
0.6577585425074111,0.6799405126835399,0.6475319244001936,0.6085942985254232,0.5881168497304495,0.7085208367835466,0.7182978676484433,0.6788321677218729
0.6457447968291278,0.667521620540228,0.6357049645728713,0.5986791947525612,0.5810918876292059,0.7085208367835466,0.7182978676484433,0.6788321677218729
0.6484321514772906,0.6704727977954553,0.6387237234192868,0.5975590522585758,0.5762371802520713,0.7085208367835466,0.7182978676484433,0.6788321677218729
0.6296262110182004,0.6538953509102776,0.6272257013895616,0.5898527842774464,0.5798738645327257,0.7085208367835466,0.7182978676484433,0.6788321677218729
0.6492561783718844,0.6889847482213258,0.6563590725977221,0.6151889225502245,0.5972544779857744,0.7085208367835466,0.7182978676484433,0.6788321677218729
0.6449107694416384,0.6723323884139474,0.6402864326881004,0.6031034499564893,0.5875593945371845,0.7085208367835466,0.7182978676484433,0.6788321677218729
0.655060050691398,0.6949641963503783,0.6618395213368323,0.6178168622144256,0.605129159725644,0.7085208367835466,0.7182978676484433,0.6788321677218729
0.6483189139930102,0.6878124113451128,0.6550286179990115,0.6140858804479427,0.5954233962961113,0.7085208367835466,0.7182978676484433,0.6788321677218729
0.6630738175018894,0.7034661359898269,0.6699362257296014,0.6163054977886201,0.6100015831078146,0.7085208367835466,0.7182978676484433,0.6788321677218729
0.6459401398903861,0.6719997710780421,0.6459401398903859,0.6021537284041033,0.5796482892240352,0.7085208367835466,0.7182978676484433,0.6788321677218729
0.655060050691398,0.6949641963503783,0.6618395213368323,0.6150237337219009,0.6022771934541546,0.7085208367835466,0.7182978676484433,0.6788321677218729
0.6483189139930102,0.6878124113451128,0.6550286179990115,0.6121618247052493,0.5934388358691494,0.7085208367835466,0.7182978676484433,0.6788321677218729
0.6506190632778472,0.6784586573117836,0.6506190632778472,0.6074748409089933,0.5897441402789316,0.7085208367835466,0.7182978676484433,0.6788321677218729
0.6433793152946761,0.6681785729070692,0.6363306040551562,0.600374378780793,0.5808627604819161,0.7085208367835466,0.7182978676484433,0.6788321677218729
0.6566161569541191,0.684535489240424,0.6566161569541191,0.6118952830464395,0.5990821831170309,0.7085208367835466,0.7182978676484433,0.6788321677218729
0.6426060962796589,0.6642770717843417,0.632615063529297,0.5966815194057105,0.5801241121876316,0.7085208367835466,0.7182978676484433,0.6788321677218729
0.6449107694416384,0.6723323884139474,0.6402864326881004,0.6030633549880531,0.5874194393077726,0.7085208367835466,0.7182978676484433,0.6788321677218729
0.6504658394161583,0.6755382493246966,0.643339489898508,0.605302789559925,0.5891275193127675,0.7085208367835466,0.7182978676484433,0.6788321677218729
0.6568397170069611,0.6789907011015252,0.6466273845028838,0.6064442221371835,0.5884823769954461,0.7085208367835466,0.7182978676484433,0.6788321677218729
0.6145735086606997,0.63826243741659,0.613669636027143,0.5783395295662705,0.5665166725205558,0.7085208367835466,0.7182978676484433,0.6788321677218729
0.6566161569541191,0.684535489240424,0.6566161569541191,0.6104867699769235,0.5976434731766445,0.7085208367835466,0.7182978676484433,0.6788321677218729
0.655060050691398,0.6949641963503783,0.6618395213368323,0.6144376391119356,0.6016786825800253,0.7085208367835466,0.7182978676484433,0.6788321677218729
0.6449107694416384,0.6723323884139474,0.6402864326881004,0.6025195871054821,0.5859295562780245,0.7085208367835466,0.7182978676484433,0.6788321677218729
0.655060050691398,0.6949641963503783,0.6622264395632,0.6172941864258762,0.6052437861604701,0.7085208367835466,0.7182978676484433,0.6788321677218729
0.6483189139930102,0.6878124113451128,0.6550286179990115,0.6141534184614328,0.5954930509243032,0.7085208367835466,0.7182978676484433,0.6788321677218729
0.604752625777466,0.6280630055206466,0.598127099390292,0.5717474531032571,0.5584650734711616,0.7085208367835466,0.7182978676484433,0.6788321677218729
0.6280252967166637,0.6522327288645915,0.6211448004643991,0.5888288802429585,0.5742276169099368,0.7085208367835466,0.7182978676484433,0.6788321677218729
0.6449107694416384,0.6723323884139474,0.6402864326881004,0.6025195871054821,0.5859295562780245,0.7085208367835466,0.7182978676484433,0.6788321677218729
0.6504658394161583,0.6755382493246966,0.643339489898508,0.6053457095393283,0.5892784839684675,0.7085208367835466,0.7182978676484433,0.6788321677218729
0.655060050691398,0.6949641963503783,0.6618395213368323,0.6182917138139927,0.6056139596185263,0.7085208367835466,0.7182978676484433,0.6788321677218729
0.655060050691398,0.6949641963503783,0.6618395213368323,0.6150237337219009,0.6022771934541546,0.7085208367835466,0.7182978676484433,0.6788321677218729
0.6504658394161583,0.6755382493246966,0.643339489898508,0.6050597931466716,0.5891275193127675,0.7085208367835466,0.7182978676484433,0.6788321677218729
0.6449107694416384,0.6723323884139474,0.640660750756025,0.6031484052237709,0.5876824384317253,0.7085208367835466,0.7182978676484433,0.6788321677218729
0.6345652784103021,0.6615470068945234,0.6345652784103021,0.5942341917116972,0.5797405990977248,0.7085208367835466,0.7182978676484433,0.6788321677218729
0.6574786683880111,0.6714848076696937,0.6502754879788174,0.6105783762801601,0.5994560243039521,0.7085208367835466,0.7182978676484433,0.6788321677218729
0.655060050691398,0.6949641963503783,0.6618395213368323,0.6150237337219009,0.6022771934541546,0.7085208367835466,0.7182978676484433,0.6788321677218729
0.6617350715166064,0.690390080568054,0.6685836245426474,0.6186412498784211,0.6123162222049643,0.7085208367835466,0.7182978676484433,0.6788321677218729
0.658981861435575,0.6813651364154644,0.6589818614355749,0.611625891508716,0.5995805111778081,0.7085208367835466,0.7182978676484433,0.6788321677218729
0.655060050691398,0.6949641963503783,0.6618395213368323,0.6178121151611707,0.6051243131404532,0.7085208367835466,0.7182978676484433,0.6788321677218729
0.6504658394161583,0.6755382493246966,0.643339489898508,0.605302789559925,0.5891275193127675,0.7085208367835466,0.7182978676484433,0.6788321677218729
0.6630738175018894,0.7034661359898269,0.6699362257296014,0.6177221214761329,0.6114328124581928,0.7085208367835466,0.7182978676484433,0.6788321677218729
0.6401308357861316,0.6648048797364347,0.6376902762795502,0.5986640294871151,0.5873233810141874,0.7085208367835466,0.7182978676484433,0.6788321677218729
0.6367495220192766,0.6755382493246966,0.643339489898508,0.6005879870220788,0.5875283438856531,0.7085208367835466,0.7182978676484433,0.6788321677218729
0.6680668016971322,0.688360794640267,0.6559341050422892,0.611948061167619,0.596392398150236,0.7085208367835466,0.7182978676484433,0.6788321677218729
0.655060050691398,0.6949641963503783,0.6618395213368323,0.6150237337219009,0.6022771934541546,0.7085208367835466,0.7182978676484433,0.6788321677218729
0.6647562709748744,0.6871742295785715,0.6544208544377925,0.6099761201668346,0.5950258491759813,0.7085208367835466,0.7182978676484433,0.6788321677218729
0.6449107694416384,0.6723323884139474,0.6402864326881004,0.6031034499564893,0.5875593945371845,0.7085208367835466,0.7182978676484433,0.6788321677218729
0.655060050691398,0.6949641963503783,0.6618395213368323,0.6150237337219009,0.6022771934541546,0.7085208367835466,0.7182978676484433,0.6788321677218729
0.622445351442642,0.6489117403868411,0.617982103111036,0.5864822523145524,0.5723196851677808,0.7085208367835466,0.7182978676484433,0.6788321677218729
0.655060050691398,0.6949641963503783,0.6618395213368323,0.6164218799968516,0.6037048607164253,0.7085208367835466,0.7182978676484433,0.6788321677218729
0.655060050691398,0.6949641963503783,0.6618395213368323,0.6151251527859284,0.6023807585769131,0.7085208367835466,0.7182978676484433,0.6788321677218729
0.643588441209352,0.6711271992007555,0.643588441209352,0.6033204240852909,0.5842133425352295,0.7085208367835466,0.7182978676484433,0.6788321677218729
0.6504658394161583,0.6755382493246966,0.643339489898508,0.605302789559925,0.5891275193127675,0.7085208367835466,0.7182978676484433,0.6788321677218729
0.655060050691398,0.6949641963503783,0.6618395213368323,0.6136008802835377,0.6008241548061443,0.7085208367835466,0.7182978676484433,0.6788321677218729
0.6483189139930102,0.6878124113451128,0.6550286179990115,0.6152849752872945,0.5966599979096618,0.7085208367835466,0.7182978676484433,0.6788321677218729
0.6504658394161583,0.6755382493246966,0.643339489898508,0.6046079795187332,0.5872553225883221,0.7085208367835466,0.7182978676484433,0.6788321677218729
0.655060050691398,0.6949641963503783,0.6618395213368323,0.6151251527859284,0.6023807585769131,0.7085208367835466,0.7182978676484433,0.6788321677218729
0.6393478545132055,0.665141528354346,0.6393478545132054,0.5976611076471143,0.5845274455293634,0.7085208367835466,0.7182978676484433,0.6788321677218729
0.655060050691398,0.6949641963503783,0.6618395213368323,0.6151251527859284,0.6023807585769131,0.7085208367835466,0.7182978676484433,0.6788321677218729
0.6647562709748744,0.6871742295785715,0.6544208544377925,0.6112847837837941,0.5963655983074404,0.7085208367835466,0.7182978676484433,0.6788321677218729
0.6483189139930102,0.6878124113451128,0.6550286179990115,0.6134240205134759,0.5947407680949643,0.7085208367835466,0.7182978676484433,0.6788321677218729
0.6553884685884468,0.6774905113967223,0.651386218533347,0.604374636147573,0.5892805280827655,0.7085208367835466,0.7182978676484433,0.6788321677218729
0.6566161569541191,0.684535489240424,0.6566161569541191,0.6090533175021391,0.5961791410927985,0.7085208367835466,0.7182978676484433,0.6788321677218729
0.6617350715166064,0.690390080568054,0.6685836245426474,0.6200933997347017,0.6137833366252009,0.7085208367835466,0.7182978676484433,0.6788321677218729
0.655060050691398,0.6949641963503783,0.6618395213368323,0.6150237337219009,0.6022771934541546,0.7085208367835466,0.7182978676484433,0.6788321677218729
0.6480940602689541,0.6619002810821915,0.6409936954013152,0.6009507410298234,0.5896801672131384,0.7085208367835466,0.7182978676484433,0.6788321677218729
0.6416683471889802,0.6522950933332148,0.6316918942596483,0.5963905682589277,0.5844503210206874,0.7085208367835466,0.7182978676484433,0.6788321677218729
0.6566161569541191,0.684535489240424,0.6566161569541191,0.6104867699769235,0.5976434731766445,0.7085208367835466,0.7182978676484433,0.6788321677218729
0.6215264261010887,0.6426525286607435,0.6162821886113043,0.5813666407729207,0.560086484699676,0.7085208367835466,0.7182978676484433,0.6788321677218729
0.6388037949708449,0.666137820859557,0.634594021784056,0.5987925769778882,0.5794510498991762,0.7085208367835466,0.7182978676484433,0.6788321677218729
0.6367495220192766,0.6755382493246966,0.643339489898508,0.600923015213819,0.5878708148287795,0.7085208367835466,0.7182978676484433,0.6788321677218729
0.6647562709748744,0.6871742295785715,0.6544208544377925,0.6113478339958194,0.596430225667992,0.7085208367835466,0.7182978676484433,0.6788321677218729
0.6449107694416384,0.6723323884139474,0.6402864326881004,0.6030633549880531,0.5874194393077726,0.7085208367835466,0.7182978676484433,0.6788321677218729
0.6465101474925794,0.6683127815649199,0.6410551055014042,0.5993887254620208,0.5837391637622401,0.7085208367835466,0.7182978676484433,0.6788321677218729
0.6258388183232055,0.6477426178733986,0.6227845369665573,0.5853297634965742,0.5744952965600104,0.7085208367835466,0.7182978676484433,0.6788321677218729
0.6568397170069611,0.6789907011015252,0.6466273845028838,0.6049429429109211,0.5869351562552394,0.7085208367835466,0.7182978676484433,0.6788321677218729
0.655060050691398,0.6949641963503783,0.6618395213368323,0.6150237337219009,0.6022771934541546,0.7085208367835466,0.7182978676484433,0.6788321677218729
0.655060050691398,0.6949641963503783,0.6618395213368323,0.6150237337219009,0.6022771934541546,0.7085208367835466,0.7182978676484433,0.6788321677218729
0.6615859849971161,0.6725425895202267,0.6560037380007938,0.6078318400287357,0.5993120847913639,0.7085208367835466,0.7182978676484433,0.6788321677218729
0.6658847681316502,0.6810716544624675,0.6658847681316501,0.613342539514201,0.6069622975951252,0.7085208367835466,0.7182978676484433,0.6788321677218729
0.6449107694416384,0.6723323884139474,0.6402864326881004,0.604525553457822,0.5914437459300304,0.7085208367835466,0.7182978676484433,0.6788321677218729
0.6409785642422013,0.6656852841518767,0.6339561550620182,0.5967402413223503,0.580769240049901,0.7085208367835466,0.7182978676484433,0.6788321677218729
0.655060050691398,0.6949641963503783,0.6618395213368323,0.6168261396803855,0.6041176303558702,0.7085208367835466,0.7182978676484433,0.6788321677218729
0.6492561783718844,0.6889847482213258,0.6563590725977221,0.6144313129262948,0.5958162770292477,0.7085208367835466,0.7182978676484433,0.6788321677218729
0.6566161569541191,0.6805150979945549,0.6566161569541191,0.609727121596401,0.5976434731766445,0.7085208367835466,0.7182978676484433,0.6788321677218729
0.655060050691398,0.6949641963503783,0.6618395213368323,0.6158371160096432,0.6031077666295304,0.7085208367835466,0.7182978676484433,0.6788321677218729
0.6401308357861316,0.6648048797364347,0.6376902762795502,0.5975864071222168,0.5843895424177648,0.7085208367835466,0.7182978676484433,0.6788321677218729
0.6566188216734207,0.6784531810741009,0.6566188216734207,0.6105133891574277,0.5982346411252012,0.7085208367835466,0.7182978676484433,0.6788321677218729
0.6488127447159354,0.6748139056549707,0.6488127447159353,0.60467192366138,0.5933069220629246,0.7085208367835466,0.7182978676484433,0.6788321677218729
0.645884311520636,0.6655044627192637,0.6337839522765562,0.598615360407564,0.5828801349254829,0.7085208367835466,0.7182978676484433,0.6788321677218729
0.6415135548031353,0.66396595612715,0.6323187768447202,0.5970606283807497,0.5807902758511632,0.7085208367835466,0.7182978676484433,0.6788321677218729
0.6424541457437436,0.6817664930952138,0.6494826254012063,0.6099118082500562,0.5860270554521048,0.7085208367835466,0.7182978676484433,0.6788321677218729
0.6367495220192766,0.6755382493246966,0.643339489898508,0.600923015213819,0.5878708148287795,0.7085208367835466,0.7182978676484433,0.6788321677218729
0.6341478912353512,0.6563425009145855,0.6295730424063172,0.5915281039901731,0.5777256131883514,0.7085208367835466,0.7182978676484433,0.6788321677218729
0.6483189139930102,0.6878124113451128,0.6550286179990115,0.6127500961323782,0.5940456485839362,0.7085208367835466,0.7182978676484433,0.6788321677218729
0.6449107694416384,0.6723323884139474,0.6402864326881004,0.6031034499564893,0.5875593945371845,0.7085208367835466,0.7182978676484433,0.6788321677218729
0.655060050691398,0.6949641963503783,0.6618395213368323,0.6150237337219009,0.6022771934541546,0.7085208367835466,0.7182978676484433,0.6788321677218729
0.6589722895611078,0.6871693130675652,0.6589722895611078,0.6112040795037946,0.5990220901991172,0.7085208367835466,0.7182978676484433,0.6788321677218729
0.6428149984060691,0.6625130517437922,0.6311408973116402,0.5962572519840336,0.5763088761365872,0.7085208367835466,0.7182978676484433,0.6788321677218729
0.6680668016971322,0.688360794640267,0.6555508632304636,0.615197083977923,0.6003792289182003,0.7085208367835466,0.7182978676484433,0.6788321677218729
0.6571340262375913,0.6792949354918524,0.646917117908325,0.6061376148828067,0.5889710667213098,0.7085208367835466,0.7182978676484433,0.6788321677218729
0.655060050691398,0.6949641963503783,0.6618395213368323,0.6178121151611707,0.6051243131404532,0.7085208367835466,0.7182978676484433,0.6788321677218729
0.658981861435575,0.6853905495734646,0.6589818614355749,0.612971903758152,0.6001817887196168,0.7085208367835466,0.7182978676484433,0.6788321677218729
0.6504658394161583,0.6755382493246966,0.643339489898508,0.6053457095393283,0.5892784839684675,0.7085208367835466,0.7182978676484433,0.6788321677218729
0.655060050691398,0.6949641963503783,0.6618395213368323,0.6150237337219009,0.6022771934541546,0.7085208367835466,0.7182978676484433,0.6788321677218729
0.6529782379033394,0.6793218121797641,0.6529782379033393,0.6080533424219794,0.5900090487547686,0.7085208367835466,0.7182978676484433,0.6788321677218729
0.6506190632778472,0.6782833990196313,0.6506190632778472,0.607176031766227,0.5896738065668146,0.7085208367835466,0.7182978676484433,0.6788321677218729
0.655060050691398,0.6949641963503783,0.6618395213368323,0.6150237337219009,0.6022771934541546,0.7085208367835466,0.7182978676484433,0.6788321677218729
0.644364860954457,0.6692021067335887,0.6376779276078686,0.6005299757011235,0.5811941231538136,0.7085208367835466,0.7182978676484433,0.6788321677218729
0.6504658394161583,0.6755382493246966,0.643339489898508,0.6039890554368813,0.5861858198306071,0.7085208367835466,0.7182978676484433,0.6788321677218729
0.6337277384198722,0.6723323884139474,0.6402864326881004,0.5987365381295499,0.585635609235934,0.7085208367835466,0.7182978676484433,0.6788321677218729
0.7015430619762352,0.7417100127837866,0.7107680744168009,0.6672638052000996,0.6648993684208904,0.7085208367835466,0.7182978676484433,0.6788321677218729
0.6680668016971322,0.688360794640267,0.6555508632304636,0.6132353254112792,0.5977131647679006,0.7085208367835466,0.7182978676484433,0.6788321677218729
0.6347864094350817,0.6594247922908559,0.6338528090511463,0.5933363628540894,0.5751567661201793,0.7085208367835466,0.7182978676484433,0.6788321677218729
0.655060050691398,0.6949641963503783,0.6618395213368323,0.6150237337219009,0.6022771934541546,0.7085208367835466,0.7182978676484433,0.6788321677218729
0.646458018432237,0.6739454264629491,0.646458018432237,0.6016384099271005,0.5886020735721167,0.7085208367835466,0.7182978676484433,0.6788321677218729
0.6393291033793278,0.6649502075351238,0.6393291033793276,0.5970476771630938,0.5875454861111892,0.7085208367835466,0.7182978676484433,0.6788321677218729
0.655060050691398,0.6949641963503783,0.6618395213368323,0.6144376391119356,0.6016786825800253,0.7085208367835466,0.7182978676484433,0.6788321677218729
0.6566161569541191,0.684535489240424,0.6566161569541191,0.6104867699769235,0.5976434731766445,0.7085208367835466,0.7182978676484433,0.6788321677218729
0.655060050691398,0.6949641963503783,0.6618395213368323,0.6150237337219009,0.6022771934541546,0.7085208367835466,0.7182978676484433,0.6788321677218729
0.6486838163872389,0.6736875376588957,0.6462106478311497,0.6035765746095234,0.5938210199064754,0.7085208367835466,0.7182978676484433,0.6788321677218729
0.6378172282868707,0.6649372297456766,0.6332437558150737,0.59904817999658,0.5816587771427527,0.7085208367835466,0.7182978676484433,0.6788321677218729
0.6940485400561457,0.733786390913022,0.7036258645970447,0.6616317313985816,0.6570222847385359,0.7085208367835466,0.7182978676484433,0.6788321677218729
0.6647562709748744,0.6871742295785715,0.6548034356347956,0.6099934033414872,0.5950418406121724,0.7085208367835466,0.7182978676484433,0.6788321677218729
0.655060050691398,0.6949641963503783,0.6618395213368323,0.6174099669399455,0.6047137273045571,0.7085208367835466,0.7182978676484433,0.6788321677218729
0.6566161569541191,0.684535489240424,0.6566161569541191,0.6123909808643607,0.6002421524140824,0.7085208367835466,0.7182978676484433,0.6788321677218729
0.6449107694416384,0.6723323884139474,0.6402864326881004,0.6030633549880531,0.5874194393077726,0.7085208367835466,0.7182978676484433,0.6788321677218729
0.655060050691398,0.6949641963503783,0.6618395213368323,0.6176822298424329,0.6049917038909752,0.7085208367835466,0.7182978676484433,0.6788321677218729
0.6424541457437436,0.6817664930952138,0.6494826254012063,0.6110110793433405,0.5884158064814289,0.7085208367835466,0.7182978676484433,0.6788321677218729
0.6449107694416384,0.6683836680171524,0.6402864326881004,0.6027750907796888,0.5874194393077726,0.7085208367835466,0.7182978676484433,0.6788321677218729
0.638803794970845,0.666137820859557,0.634594021784056,0.5982551800012142,0.5794168062333857,0.7085208367835466,0.7182978676484433,0.6788321677218729
0.6492561783718844,0.6888067708471838,0.6563590725977221,0.6117900143155987,0.5938376292152614,0.7085208367835466,0.7182978676484433,0.6788321677218729
0.6504658394161583,0.6755382493246966,0.643339489898508,0.605302789559925,0.5891275193127675,0.7085208367835466,0.7182978676484433,0.6788321677218729
0.6409785642422013,0.6656852841518767,0.6400358568609841,0.5982830036033565,0.5849865596353461,0.7085208367835466,0.7182978676484433,0.6788321677218729
0.6680668016971322,0.688360794640267,0.6555508632304636,0.6096990154755977,0.5947441936272991,0.7085208367835466,0.7182978676484433,0.6788321677218729
0.655060050691398,0.6949641963503783,0.6618395213368323,0.6150237337219009,0.6022771934541546,0.7085208367835466,0.7182978676484433,0.6788321677218729
0.6680668016971322,0.688360794640267,0.6555508632304636,0.6118298973036966,0.596271151607416,0.7085208367835466,0.7182978676484433,0.6788321677218729
0.6492561783718844,0.6889847482213258,0.6563590725977221,0.6158308042002739,0.5972593884323782,0.7085208367835466,0.7182978676484433,0.6788321677218729
0.6566161569541191,0.684535489240424,0.6566161569541191,0.6090533175021391,0.5961791410927985,0.7085208367835466,0.7182978676484433,0.6788321677218729
0.655060050691398,0.6949641963503783,0.6618395213368323,0.6174099669399455,0.6047137273045571,0.7085208367835466,0.7182978676484433,0.6788321677218729
0.655060050691398,0.6949641963503783,0.6618395213368323,0.6174099669399455,0.6047137273045571,0.7085208367835466,0.7182978676484433,0.6788321677218729
0.6280252967166637,0.6522327288645915,0.6211448004643991,0.5897864503256811,0.5767773902946893,0.7085208367835466,0.7182978676484433,0.6788321677218729
0.655060050691398,0.6949641963503783,0.6618395213368323,0.6174099669399455,0.6047137273045571,0.7085208367835466,0.7182978676484433,0.6788321677218729
0.6474338999910111,0.6868734851443636,0.6541344446436964,0.6095533675486375,0.5958133638998251,0.7085208367835466,0.7182978676484433,0.6788321677218729
0.6636464521843597,0.682839362458105,0.6541344446436964,0.6121027488744667,0.5971870333964994,0.7085208367835466,0.7182978676484433,0.6788321677218729
0.6449107694416384,0.6723323884139474,0.6402864326881004,0.6031034499564893,0.5875593945371845,0.7085208367835466,0.7182978676484433,0.6788321677218729
0.655060050691398,0.6949641963503783,0.6618395213368323,0.6143857824399395,0.6022771934541546,0.7085208367835466,0.7182978676484433,0.6788321677218729
0.6577585425074111,0.6759471085023514,0.6475319244001936,0.6086133463528923,0.5896149528571899,0.7085208367835466,0.7182978676484433,0.6788321677218729
0.6504658394161583,0.6755382493246966,0.643339489898508,0.6052946081677505,0.5891051029763239,0.7085208367835466,0.7182978676484433,0.6788321677218729
0.655060050691398,0.6949641963503783,0.6618395213368323,0.6136899907819432,0.6009151599849407,0.7085208367835466,0.7182978676484433,0.6788321677218729
0.6636464521843597,0.6868734851443636,0.6541344446436964,0.6129271257895529,0.597256482341758,0.7085208367835466,0.7182978676484433,0.6788321677218729
0.655060050691398,0.6949641963503783,0.6618395213368323,0.6150237337219009,0.6022771934541546,0.7085208367835466,0.7182978676484433,0.6788321677218729
0.6576265300167617,0.680818739023244,0.648579750576568,0.6100617507798857,0.5903150988730824,0.7085208367835466,0.7182978676484433,0.6788321677218729
0.6553884685884468,0.6735114964822421,0.651386218533347,0.6066380176903358,0.593263383187006,0.7085208367835466,0.7182978676484433,0.6788321677218729
0.655060050691398,0.6949641963503783,0.6618395213368323,0.6176822298424329,0.6049917038909752,0.7085208367835466,0.7182978676484433,0.6788321677218729
0.6630738175018894,0.7034661359898269,0.6699362257296014,0.6177221214761329,0.6114328124581928,0.7085208367835466,0.7182978676484433,0.6788321677218729
0.6820205150375096,0.6820205150375096,0.6820205150375096,0.6405241297812845,0.6382684943020027,0.7085208367835466,0.7182978676484433,0.6788321677218729
0.655060050691398,0.6949641963503783,0.6618395213368323,0.6150237337219009,0.6022771934541546,0.7085208367835466,0.7182978676484433,0.6788321677218729
0.6504658394161583,0.6755382493246966,0.643339489898508,0.605302789559925,0.5891275193127675,0.7085208367835466,0.7182978676484433,0.6788321677218729
0.6627134335263503,0.6859078116668331,0.6594791929750163,0.6086714559042637,0.5994184060228718,0.7085208367835466,0.7182978676484433,0.6788321677218729
0.6588846750121216,0.684281591580693,0.6516660907277042,0.6128403989897513,0.6029268245483983,0.7085208367835466,0.7182978676484433,0.6788321677218729
0.6492561783718844,0.6888067708471838,0.6563590725977221,0.6123064482917409,0.5943696618059908,0.7085208367835466,0.7182978676484433,0.6788321677218729
0.6519298150772529,0.6683659568064346,0.6472551482125652,0.608102524922795,0.5965780356522076,0.7085208367835466,0.7182978676484433,0.6788321677218729
0.6617350715166064,0.690390080568054,0.6685836245426474,0.6158977634635097,0.6095442682558646,0.7085208367835466,0.7182978676484433,0.6788321677218729
0.6449107694416384,0.6723323884139474,0.6402864326881004,0.6028595670494792,0.5875593945371845,0.7085208367835466,0.7182978676484433,0.6788321677218729
0.6680668016971322,0.688360794640267,0.6555508632304636,0.6119318457012481,0.5963757597252911,0.7085208367835466,0.7182978676484433,0.6788321677218729
0.655060050691398,0.6949641963503783,0.6618395213368323,0.6150237337219009,0.6022771934541546,0.7085208367835466,0.7182978676484433,0.6788321677218729
0.6506190632778472,0.6784586573117836,0.6506190632778472,0.6090141433840199,0.5939626276163975,0.7085208367835466,0.7182978676484433,0.6788321677218729
0.6504658394161583,0.6755382493246966,0.643339489898508,0.6059704457488226,0.5916182115580727,0.7085208367835466,0.7182978676484433,0.6788321677218729
0.6369076757187141,0.662431741197606,0.636907675718714,0.5959343497959076,0.5830068442255176,0.7085208367835466,0.7182978676484433,0.6788321677218729
0.655060050691398,0.6949641963503783,0.6618395213368323,0.6203263094081759,0.6076910027783473,0.7085208367835466,0.7182978676484433,0.6788321677218729
0.6835621147013548,0.6926898167613298,0.6789960797353758,0.6376658421536923,0.6321331386715495,0.7085208367835466,0.7182978676484433,0.6788321677218729
0.655060050691398,0.6949641963503783,0.6618395213368323,0.6143857824399395,0.6022771934541546,0.7085208367835466,0.7182978676484433,0.6788321677218729
0.6418113353191736,0.6613077609411373,0.6297872814975218,0.595080916570481,0.5739276542727026,0.7085208367835466,0.7182978676484433,0.6788321677218729
0.6680668016971322,0.688360794640267,0.6555508632304636,0.6143685732023574,0.5988757857379794,0.7085208367835466,0.7182978676484433,0.6788321677218729
0.632928607368896,0.657325039164664,0.6305155070410475,0.593629826266206,0.5788942855238711,0.7085208367835466,0.7182978676484433,0.6788321677218729
0.6457447968291278,0.667521620540228,0.6357049645728713,0.5983181875027281,0.5800995166754347,0.7085208367835466,0.7182978676484433,0.6788321677218729
0.6575771808277705,0.6857145084799848,0.6575771808277705,0.6095597847432899,0.5979541516138827,0.7085208367835466,0.7182978676484433,0.6788321677218729
0.655060050691398,0.6949641963503783,0.6618395213368323,0.6164218799968516,0.6037048607164253,0.7085208367835466,0.7182978676484433,0.6788321677218729
0.6657217563422929,0.6883500879949095,0.6557544656035895,0.6098591982485019,0.5955092307155575,0.7085208367835466,0.7182978676484433,0.6788321677218729
0.6545516456121035,0.6766254677571656,0.6490287520797203,0.6058631799094143,0.5916855838367374,0.7085208367835466,0.7182978676484433,0.6788321677218729
0.644364860954457,0.6693750185555505,0.6376779276078686,0.6015619274420595,0.5826022631640015,0.7085208367835466,0.7182978676484433,0.6788321677218729
0.6658847681316502,0.6810716544624675,0.6658847681316501,0.6130389067952907,0.606655471556129,0.7085208367835466,0.7182978676484433,0.6788321677218729
0.6477173759820792,0.6871742295785715,0.6544208544377925,0.6066527935029048,0.5937265671827929,0.7085208367835466,0.7182978676484433,0.6788321677218729
0.6424541457437436,0.6817664930952138,0.6494826254012063,0.6106784322732187,0.587494213434898,0.7085208367835466,0.7182978676484433,0.6788321677218729
0.6273547710201021,0.6540299085841216,0.6273547710201021,0.5903031296854044,0.574298145766664,0.7085208367835466,0.7182978676484433,0.6788321677218729
0.655060050691398,0.6949641963503783,0.6618395213368323,0.6150237337219009,0.6022771934541546,0.7085208367835466,0.7182978676484433,0.6788321677218729
0.641206772419088,0.6686436202514036,0.641206772419088,0.5982873223526229,0.579556781830548,0.7085208367835466,0.7182978676484433,0.6788321677218729
0.6571340262375913,0.6792949354918524,0.646917117908325,0.6047842755235385,0.5875781898433188,0.7085208367835466,0.7182978676484433,0.6788321677218729
0.655060050691398,0.6949641963503783,0.6618395213368323,0.6164218799968516,0.6037048607164253,0.7085208367835466,0.7182978676484433,0.6788321677218729
0.655060050691398,0.6949641963503783,0.6618395213368323,0.6150237337219009,0.6022771934541546,0.7085208367835466,0.7182978676484433,0.6788321677218729
0.6647562709748744,0.6871742295785715,0.6544208544377925,0.6079501401401143,0.5929470573798107,0.7085208367835466,0.7182978676484433,0.6788321677218729
0.655060050691398,0.6949641963503783,0.6622264395632,0.6151412840749542,0.6023972311416852,0.7085208367835466,0.7182978676484433,0.6788321677218729
0.6492561783718844,0.6889847482213258,0.6563590725977221,0.6115435117968774,0.592837806224873,0.7085208367835466,0.7182978676484433,0.6788321677218729
0.6377218089343208,0.6632785007895242,0.6377218089343207,0.5942727668645246,0.5839067648736522,0.7085208367835466,0.7182978676484433,0.6788321677218729
0.6588846750121216,0.684281591580693,0.6516660907277042,0.609692698609832,0.5986329410111825,0.7085208367835466,0.7182978676484433,0.6788321677218729
0.6566161569541191,0.684535489240424,0.6566161569541191,0.6104867699769235,0.5976434731766445,0.7085208367835466,0.7182978676484433,0.6788321677218729
0.6369076757187141,0.662431741197606,0.636907675718714,0.5959749243773973,0.5831478584767691,0.7085208367835466,0.7182978676484433,0.6788321677218729
0.6283577647258698,0.6552448113333089,0.6283577647258698,0.5909502821321437,0.5744901897096607,0.7085208367835466,0.7182978676484433,0.6788321677218729
0.6680668016971322,0.688360794640267,0.6555508632304636,0.6103418655547106,0.5947441936272991,0.7085208367835466,0.7182978676484433,0.6788321677218729
0.658981861435575,0.6853905495734646,0.6589818614355749,0.6121628276794071,0.5993554473817962,0.7085208367835466,0.7182978676484433,0.6788321677218729
0.6496504396449958,0.677273589490302,0.6496504396449958,0.6078411544066334,0.5922564921348102,0.7085208367835466,0.7182978676484433,0.6788321677218729
0.6463473762271205,0.6689689569826954,0.6416845182752922,0.600814236348348,0.5827399786557902,0.7085208367835466,0.7182978676484433,0.6788321677218729
0.6309593974039879,0.6530424126475554,0.6264075509021277,0.5861198565513559,0.5729047627397222,0.7085208367835466,0.7182978676484433,0.6788321677218729
0.6488127447159354,0.6748139056549707,0.6488127447159353,0.60467192366138,0.5933069220629246,0.7085208367835466,0.7182978676484433,0.6788321677218729
0.6345652784103021,0.6615470068945234,0.6345652784103021,0.5953179461914949,0.5826675732802429,0.7085208367835466,0.7182978676484433,0.6788321677218729
0.655060050691398,0.6949641963503783,0.6618395213368323,0.6170372343237562,0.604333164120335,0.7085208367835466,0.7182978676484433,0.6788321677218729
0.6483189139930102,0.6878124113451128,0.6550286179990115,0.6141534184614328,0.5954930509243032,0.7085208367835466,0.7182978676484433,0.6788321677218729
0.655060050691398,0.6949641963503783,0.6618395213368323,0.6178121151611707,0.6051243131404532,0.7085208367835466,0.7182978676484433,0.6788321677218729
0.655060050691398,0.6949641963503783,0.6618395213368323,0.6168261396803855,0.6041176303558702,0.7085208367835466,0.7182978676484433,0.6788321677218729
0.6483189139930102,0.6878124113451128,0.6550286179990115,0.6112643044742518,0.5925129553146173,0.7085208367835466,0.7182978676484433,0.6788321677218729
0.5936222848424946,0.6165036421014295,0.591359043596177,0.5636133269042092,0.5523174381552168,0.7085208367835466,0.7182978676484433,0.6788321677218729
0.5903337777926593,0.6132467913886736,0.5842075551142655,0.5569724961432773,0.5406946025158165,0.7085208367835466,0.7182978676484433,0.6788321677218729
0.6426060962796589,0.6642770717843417,0.632615063529297,0.5966021738651773,0.5798740946693611,0.7085208367835466,0.7182978676484433,0.6788321677218729
0.6533369830728023,0.6811168848192897,0.6486522261010975,0.6084931067523255,0.5969407914562594,0.7085208367835466,0.7182978676484433,0.6788321677218729
0.6492561783718844,0.6888067708471838,0.6563590725977221,0.6130714675634322,0.5958162770292477,0.7085208367835466,0.7182978676484433,0.6788321677218729
0.7071158825926467,0.7213767292044164,0.7071158825926467,0.6584826172031428,0.6560166956589529,0.7085208367835466,0.7182978676484433,0.6788321677218729
0.6484321514772906,0.6704727977954553,0.6429608922426824,0.6021451199643874,0.5852100120318121,0.7085208367835466,0.7182978676484433,0.6788321677218729
0.6427467455280035,0.667521620540228,0.6357049645728713,0.5977045075573342,0.5805677970366718,0.7085208367835466,0.7182978676484433,0.6788321677218729
0.6371839954006762,0.6642770717843417,0.632615063529297,0.5954096193877517,0.5787913794559776,0.7085208367835466,0.7182978676484433,0.6788321677218729
0.6588846750121216,0.684281591580693,0.6516660907277042,0.609692698609832,0.5986329410111825,0.7085208367835466,0.7182978676484433,0.6788321677218729
0.658981861435575,0.6853905495734646,0.6589818614355749,0.6133507924187023,0.6008417571131721,0.7085208367835466,0.7182978676484433,0.6788321677218729
0.6415135548031353,0.66396595612715,0.6323187768447202,0.5980888921979953,0.583604736568478,0.7085208367835466,0.7182978676484433,0.6788321677218729
0.6342774141325719,0.6564765569975001,0.6251863513743167,0.5920605727635805,0.572393399509473,0.7085208367835466,0.7182978676484433,0.6788321677218729
0.655060050691398,0.6949641963503783,0.6618395213368323,0.6151251527859284,0.6023807585769131,0.7085208367835466,0.7182978676484433,0.6788321677218729
0.6620330607636215,0.682320021358184,0.6500099422950532,0.6098243414296692,0.5882828939885885,0.7085208367835466,0.7182978676484433,0.6788321677218729
0.6566161569541191,0.684535489240424,0.6566161569541191,0.6104867699769235,0.5976434731766445,0.7085208367835466,0.7182978676484433,0.6788321677218729
0.7151615039133395,0.7335969160086859,0.7029934319379263,0.6612606313056748,0.6579961908268593,0.7085208367835466,0.7182978676484433,0.6788321677218729
0.6566542549770271,0.6796365672812316,0.6472424662084872,0.6084896873987556,0.5874912590397593,0.7085208367835466,0.7182978676484433,0.6788321677218729
0.6490274263554516,0.6687430565542558,0.6368681822337422,0.6003368666944597,0.5831385771430289,0.7085208367835466,0.7182978676484433,0.6788321677218729
0.6689729008640383,0.6837895600993852,0.6556840333720402,0.623379920326866,0.6148710966993006,0.7085208367835466,0.7182978676484433,0.6788321677218729
0.655060050691398,0.6949641963503783,0.6618395213368323,0.6164218799968516,0.6037048607164253,0.7085208367835466,0.7182978676484433,0.6788321677218729
0.6504658394161583,0.6755382493246966,0.643339489898508,0.6063170755118452,0.5919023382564962,0.7085208367835466,0.7182978676484433,0.6788321677218729
0.638803794970845,0.666137820859557,0.634594021784056,0.598243610033503,0.5779062922214997,0.7085208367835466,0.7182978676484433,0.6788321677218729
0.6635113871050379,0.6802395178718322,0.6635113871050379,0.6129182904494982,0.6065335857903993,0.7085208367835466,0.7182978676484433,0.6788321677218729
0.6415135548031353,0.66396595612715,0.6323187768447202,0.5970606283807497,0.5807902758511632,0.7085208367835466,0.7182978676484433,0.6788321677218729
0.645884311520636,0.6655044627192637,0.6337839522765562,0.5986395054062549,0.582946257331265,0.7085208367835466,0.7182978676484433,0.6788321677218729
0.655060050691398,0.6908825555660564,0.6618395213368323,0.614269696090083,0.6022771934541546,0.7085208367835466,0.7182978676484433,0.6788321677218729
0.658981861435575,0.6813651364154644,0.6589818614355749,0.6088254761001803,0.5967235696442881,0.7085208367835466,0.7182978676484433,0.6788321677218729
0.655060050691398,0.6949641963503783,0.6618395213368323,0.6150237337219009,0.6022771934541546,0.7085208367835466,0.7182978676484433,0.6788321677218729
0.6409785642422013,0.6656852841518767,0.6400358568609841,0.5982699010570184,0.5849508246405447,0.7085208367835466,0.7182978676484433,0.6788321677218729
0.655060050691398,0.6949641963503783,0.6618395213368323,0.6144376391119356,0.6016786825800253,0.7085208367835466,0.7182978676484433,0.6788321677218729
0.6449107694416384,0.6723323884139474,0.6402864326881004,0.6028194558598058,0.5874194393077726,0.7085208367835466,0.7182978676484433,0.6788321677218729
0.6630738175018894,0.7034661359898269,0.6699362257296014,0.6178230975851082,0.61153482705339,0.7085208367835466,0.7182978676484433,0.6788321677218729
0.6504658394161583,0.6715707003713933,0.643339489898508,0.6055918434922138,0.5907375667466906,0.7085208367835466,0.7182978676484433,0.6788321677218729
0.6647562709748744,0.6871742295785715,0.6544208544377925,0.6098748607607749,0.5949203188217446,0.7085208367835466,0.7182978676484433,0.6788321677218729
0.6449107694416384,0.6723323884139474,0.6402864326881004,0.6045112826733592,0.5913748498286349,0.7085208367835466,0.7182978676484433,0.6788321677218729
0.655060050691398,0.6949641963503783,0.6618395213368323,0.6150237337219009,0.6022771934541546,0.7085208367835466,0.7182978676484433,0.6788321677218729
0.6367495220192766,0.6755382493246966,0.643339489898508,0.5993338352659252,0.586914792951447,0.7085208367835466,0.7182978676484433,0.6788321677218729
0.655060050691398,0.6949641963503783,0.6618395213368323,0.6150237337219009,0.6022771934541546,0.7085208367835466,0.7182978676484433,0.6788321677218729
0.6504658394161583,0.6755382493246966,0.643339489898508,0.605302789559925,0.5891275193127675,0.7085208367835466,0.7182978676484433,0.6788321677218729
0.6433332311961445,0.6539875496832899,0.6394045986623011,0.5965866016867514,0.5858321153359222,0.7085208367835466,0.7182978676484433,0.6788321677218729
0.6004691164766581,0.6236143870095946,0.5938905192018064,0.5688679754363615,0.5514152180461823,0.7085208367835466,0.7182978676484433,0.6788321677218729
0.6427984895115124,0.6654677649092402,0.6339556951690274,0.5963619781484655,0.570676081076538,0.7085208367835466,0.7182978676484433,0.6788321677218729
0.655060050691398,0.6949641963503783,0.6618395213368323,0.6150237337219009,0.6022771934541546,0.7085208367835466,0.7182978676484433,0.6788321677218729
0.6680668016971322,0.688360794640267,0.6555508632304636,0.6118298973036966,0.596271151607416,0.7085208367835466,0.7182978676484433,0.6788321677218729
0.6506190632778472,0.6784586573117836,0.6506190632778472,0.607487744919423,0.58977958484478,0.7085208367835466,0.7182978676484433,0.6788321677218729
0.655060050691398,0.6949641963503783,0.6618395213368323,0.6136008802835377,0.6008241548061443,0.7085208367835466,0.7182978676484433,0.6788321677218729
0.6488127447159354,0.6748139056549707,0.6488127447159353,0.6041635454648198,0.5919242481200572,0.7085208367835466,0.7182978676484433,0.6788321677218729
0.655060050691398,0.6949641963503783,0.6618395213368323,0.6143857824399395,0.6022771934541546,0.7085208367835466,0.7182978676484433,0.6788321677218729
0.655060050691398,0.6949641963503783,0.6618395213368323,0.6165862400151142,0.6038726820197792,0.7085208367835466,0.7182978676484433,0.6788321677218729
0.6312993488282225,0.6472153651399649,0.6312993488282225,0.5925619193368532,0.5869377771050147,0.7085208367835466,0.7182978676484433,0.6788321677218729
0.6566161569541191,0.684535489240424,0.6566161569541191,0.6104867699769235,0.5976434731766445,0.7085208367835466,0.7182978676484433,0.6788321677218729
0.655060050691398,0.6949641963503783,0.6618395213368323,0.6193443364535228,0.6066885789355525,0.7085208367835466,0.7182978676484433,0.6788321677218729
0.6636464521843597,0.6868734851443636,0.6541344446436964,0.6139208374591744,0.5982762228579558,0.7085208367835466,0.7182978676484433,0.6788321677218729
0.6280252967166637,0.6522327288645915,0.6211448004643991,0.5884938523155729,0.5739294503101058,0.7085208367835466,0.7182978676484433,0.6788321677218729
0.655060050691398,0.6949641963503783,0.6622264395632,0.616539163777135,0.6038246145900267,0.7085208367835466,0.7182978676484433,0.6788321677218729
0.6409785642422013,0.6656852841518767,0.6400358568609841,0.5987398926895225,0.5861982240218573,0.7085208367835466,0.7182978676484433,0.6788321677218729
0.6617350715166064,0.690390080568054,0.6685836245426474,0.6167314059718949,0.6103865881851389,0.7085208367835466,0.7182978676484433,0.6788321677218729
0.6566161569541191,0.684535489240424,0.6566161569541191,0.6104867699769235,0.5976434731766445,0.7085208367835466,0.7182978676484433,0.6788321677218729
0.6457447968291278,0.667521620540228,0.6357049645728713,0.5989091515320847,0.5817572514890798,0.7085208367835466,0.7182978676484433,0.6788321677218729
0.6680668016971322,0.688360794640267,0.6555508632304636,0.6146327682717088,0.599146812424072,0.7085208367835466,0.7182978676484433,0.6788321677218729
0.655060050691398,0.6949641963503783,0.6618395213368323,0.6144873067956902,0.6023807585769131,0.7085208367835466,0.7182978676484433,0.6788321677218729
0.6466124640785214,0.6551932010590915,0.6405833658031198,0.5976606983127385,0.5861943764168575,0.7085208367835466,0.7182978676484433,0.6788321677218729
0.655060050691398,0.6949641963503783,0.6622264395632,0.616539163777135,0.6038246145900267,0.7085208367835466,0.7182978676484433,0.6788321677218729
0.6424541457437436,0.6817664930952138,0.6494826254012063,0.6099280916433099,0.5854119310691283,0.7085208367835466,0.7182978676484433,0.6788321677218729
0.6363717414151396,0.6580024462582768,0.6268438837116004,0.5922439807672643,0.5716567525963161,0.7085208367835466,0.7182978676484433,0.6788321677218729
0.6705683908887742,0.6825148839926505,0.6609571715871866,0.6138256553661128,0.6046057513509815,0.7085208367835466,0.7182978676484433,0.6788321677218729
0.655060050691398,0.6949641963503783,0.6618395213368323,0.6151251527859284,0.6023807585769131,0.7085208367835466,0.7182978676484433,0.6788321677218729
0.6492561783718844,0.6889847482213258,0.6563590725977221,0.6130286267432421,0.5943696618059908,0.7085208367835466,0.7182978676484433,0.6788321677218729
0.655060050691398,0.6949641963503783,0.6618395213368323,0.6143857824399395,0.6022771934541546,0.7085208367835466,0.7182978676484433,0.6788321677218729
0.6449107694416384,0.6723323884139474,0.6402864326881004,0.6045112826733592,0.5913748498286349,0.7085208367835466,0.7182978676484433,0.6788321677218729
0.6571340262375913,0.6792949354918524,0.646917117908325,0.6047842755235385,0.5875781898433188,0.7085208367835466,0.7182978676484433,0.6788321677218729
0.6449107694416384,0.6723323884139474,0.6402864326881004,0.6031034499564893,0.5875593945371845,0.7085208367835466,0.7182978676484433,0.6788321677218729
0.658981861435575,0.6853905495734646,0.6589818614355749,0.6133507924187023,0.6008417571131721,0.7085208367835466,0.7182978676484433,0.6788321677218729
0.6449107694416384,0.6723323884139474,0.6402864326881004,0.6030633549880531,0.5874194393077726,0.7085208367835466,0.7182978676484433,0.6788321677218729
0.655060050691398,0.6949641963503783,0.6618395213368323,0.6150237337219009,0.6022771934541546,0.7085208367835466,0.7182978676484433,0.6788321677218729
0.655060050691398,0.6949641963503783,0.6618395213368323,0.6150237337219009,0.6022771934541546,0.7085208367835466,0.7182978676484433,0.6788321677218729
0.6369076757187141,0.662431741197606,0.636907675718714,0.5965150353377837,0.5845883013370236,0.7085208367835466,0.7182978676484433,0.6788321677218729
0.6339304005249635,0.6585355585433091,0.6315134807657207,0.5932792376952748,0.5763909368338119,0.7085208367835466,0.7182978676484433,0.6788321677218729
0.6483189139930102,0.6878124113451128,0.6550286179990115,0.6127500961323782,0.5940456485839362,0.7085208367835466,0.7182978676484433,0.6788321677218729
0.655060050691398,0.6908825555660564,0.6618395213368323,0.6143712396290105,0.6023807585769131,0.7085208367835466,0.7182978676484433,0.6788321677218729
0.652008572679345,0.6781378063757155,0.6520085726793449,0.6073846021878483,0.5896826395092943,0.7085208367835466,0.7182978676484433,0.6788321677218729
0.6504771006034032,0.670236767833958,0.638290697470592,0.6010960528122684,0.5835282501597409,0.7085208367835466,0.7182978676484433,0.6788321677218729
0.655060050691398,0.6949641963503783,0.6618395213368323,0.6164218799968516,0.6037048607164253,0.7085208367835466,0.7182978676484433,0.6788321677218729
0.655060050691398,0.6949641963503783,0.6622264395632,0.6138077965602075,0.6010354696953272,0.7085208367835466,0.7182978676484433,0.6788321677218729
0.658981861435575,0.6853905495734646,0.6589818614355749,0.6108105891177449,0.597974247348623,0.7085208367835466,0.7182978676484433,0.6788321677218729
0.645884311520636,0.6655044627192637,0.6337839522765562,0.5991525707436945,0.5843501751448491,0.7085208367835466,0.7182978676484433,0.6788321677218729
0.6777603345349296,0.6927716211013486,0.6638712470561579,0.6308613788580644,0.6218583130349239,0.7085208367835466,0.7182978676484433,0.6788321677218729
0.6680668016971322,0.688360794640267,0.6559341050422892,0.611948061167619,0.596392398150236,0.7085208367835466,0.7182978676484433,0.6788321677218729
0.6617350715166064,0.690390080568054,0.6685836245426474,0.6188300805467779,0.6125070028283396,0.7085208367835466,0.7182978676484433,0.6788321677218729
0.655060050691398,0.6949641963503783,0.6618395213368323,0.6150237337219009,0.6022771934541546,0.7085208367835466,0.7182978676484433,0.6788321677218729
0.6573407051132433,0.6975639744296181,0.6645320444555431,0.6158377498772387,0.603749262457768,0.7085208367835466,0.7182978676484433,0.6788321677218729
0.6492561783718844,0.6889847482213258,0.6563590725977221,0.6144313129262948,0.5958162770292477,0.7085208367835466,0.7182978676484433,0.6788321677218729
0.6566161569541191,0.684535489240424,0.6566161569541191,0.6125998889695159,0.6000988212504665,0.7085208367835466,0.7182978676484433,0.6788321677218729
0.6630738175018894,0.7034661359898269,0.6699362257296014,0.6177221214761329,0.6114328124581928,0.7085208367835466,0.7182978676484433,0.6788321677218729
0.6483189139930102,0.6878124113451128,0.6550286179990115,0.6127500961323782,0.5940456485839362,0.7085208367835466,0.7182978676484433,0.6788321677218729
0.6490274263554516,0.6687430565542558,0.6368681822337422,0.6003368666944597,0.5831385771430289,0.7085208367835466,0.7182978676484433,0.6788321677218729
0.655060050691398,0.6949641963503783,0.6618395213368323,0.6163545905536149,0.603636153664026,0.7085208367835466,0.7182978676484433,0.6788321677218729
0.6401308357861316,0.6648048797364347,0.6376902762795502,0.5991721087932419,0.5887033853279413,0.7085208367835466,0.7182978676484433,0.6788321677218729
0.6971177840964463,0.7217502030301184,0.6971177840964463,0.6530122237099278,0.6481000667609577,0.7085208367835466,0.7182978676484433,0.6788321677218729
0.655060050691398,0.6949641963503783,0.6618395213368323,0.6201969506271118,0.6075589537493081,0.7085208367835466,0.7182978676484433,0.6788321677218729
0.6188148299880006,0.642667241805457,0.6164555397746397,0.5819266544980266,0.5704751883646765,0.7085208367835466,0.7182978676484433,0.6788321677218729
0.655060050691398,0.6949641963503783,0.6622264395632,0.6151412840749542,0.6023972311416852,0.7085208367835466,0.7182978676484433,0.6788321677218729
0.6403138051821405,0.6620785034323814,0.6349110459086089,0.5950120188581971,0.5754679078711187,0.7085208367835466,0.7182978676484433,0.6788321677218729
0.6568397170069611,0.6789907011015252,0.6466273845028838,0.6079517288415485,0.5908695345244461,0.7085208367835466,0.7182978676484433,0.6788321677218729
0.6449107694416384,0.6723323884139474,0.6402864326881004,0.6028194558598058,0.5874194393077726,0.7085208367835466,0.7182978676484433,0.6788321677218729
0.655060050691398,0.6949641963503783,0.6618395213368323,0.6164218799968516,0.6037048607164253,0.7085208367835466,0.7182978676484433,0.6788321677218729
0.628586758531759,0.653777363380137,0.6285867585317588,0.5872487650877344,0.5845551847361345,0.7085208367835466,0.7182978676484433,0.6788321677218729
0.6588846750121216,0.684281591580693,0.6520470614613634,0.608479458125916,0.5973972399390264,0.7085208367835466,0.7182978676484433,0.6788321677218729
0.6587315827378979,0.6811223136735142,0.6488689499767433,0.6092760008861446,0.5884853264148378,0.7085208367835466,0.7182978676484433,0.6788321677218729
0.6566161569541191,0.684535489240424,0.6566161569541191,0.6104651379546475,0.597621376267426,0.7085208367835466,0.7182978676484433,0.6788321677218729
0.6267572023295984,0.6649372297456766,0.6336139566612902,0.5956212184690883,0.5776156755249255,0.7085208367835466,0.7182978676484433,0.6788321677218729
0.6506190632778472,0.6784586573117836,0.6506190632778472,0.6084599444743582,0.5924460668895434,0.7085208367835466,0.7182978676484433,0.6788321677218729
0.658981861435575,0.6853905495734646,0.6589818614355749,0.6094676263125717,0.5966023904049209,0.7085208367835466,0.7182978676484433,0.6788321677218729
0.6463473762271205,0.6689689569826954,0.6416845182752922,0.600814236348348,0.5827399786557902,0.7085208367835466,0.7182978676484433,0.6788321677218729
0.6190398666809807,0.6438478799827202,0.6190398666809805,0.5813130001116491,0.5650876704043776,0.7085208367835466,0.7182978676484433,0.6788321677218729
0.6507286745476456,0.6704959838879956,0.6431492641560883,0.6017829245007938,0.5832080283752613,0.7085208367835466,0.7182978676484433,0.6788321677218729
0.6647562709748744,0.6871742295785715,0.6544208544377925,0.6093851708812794,0.5944200370981951,0.7085208367835466,0.7182978676484433,0.6788321677218729
0.6369076757187141,0.662431741197606,0.636907675718714,0.5964152253180622,0.5843166707181936,0.7085208367835466,0.7182978676484433,0.6788321677218729
0.655060050691398,0.6949641963503783,0.6618395213368323,0.6178168622144256,0.605129159725644,0.7085208367835466,0.7182978676484433,0.6788321677218729
0.6424541457437436,0.6817664930952138,0.6494826254012063,0.6086217257475831,0.5844733350085497,0.7085208367835466,0.7182978676484433,0.6788321677218729
0.6566161569541191,0.684535489240424,0.6566161569541191,0.6098440726447751,0.5976434731766445,0.7085208367835466,0.7182978676484433,0.6788321677218729
0.6449107694416384,0.6723323884139474,0.6402864326881004,0.6031034499564893,0.5875593945371845,0.7085208367835466,0.7182978676484433,0.6788321677218729
0.6504658394161583,0.6755382493246966,0.643339489898508,0.605302789559925,0.5891275193127675,0.7085208367835466,0.7182978676484433,0.6788321677218729
0.6617350715166064,0.690390080568054,0.6685836245426474,0.6173153228260647,0.6109765688797506,0.7085208367835466,0.7182978676484433,0.6788321677218729
0.6586850064212476,0.6786940067758583,0.6525433421990668,0.6060961768448498,0.5903863468869562,0.7085208367835466,0.7182978676484433,0.6788321677218729
0.6650516401843919,0.6883278534690767,0.6555194921625908,0.6140003493515,0.5996126998867988,0.7085208367835466,0.7182978676484433,0.6788321677218729
0.655060050691398,0.6949641963503783,0.6618395213368323,0.6164218799968516,0.6037048607164253,0.7085208367835466,0.7182978676484433,0.6788321677218729
0.6577585425074111,0.6799405126835399,0.6475319244001936,0.6086086041128266,0.5881580715519593,0.7085208367835466,0.7182978676484433,0.6788321677218729
0.6401308357861316,0.6648048797364347,0.6376902762795502,0.5973837637729634,0.5845417307120206,0.7085208367835466,0.7182978676484433,0.6788321677218729
0.6457447968291278,0.667521620540228,0.6357049645728713,0.5989044425448139,0.5817122806372581,0.7085208367835466,0.7182978676484433,0.6788321677218729
0.655060050691398,0.6949641963503783,0.6618395213368323,0.6150237337219009,0.6022771934541546,0.7085208367835466,0.7182978676484433,0.6788321677218729
0.6533369830728023,0.6811168848192897,0.6486522261010975,0.6083871281608736,0.5968030362457788,0.7085208367835466,0.7182978676484433,0.6788321677218729
0.6566161569541191,0.684535489240424,0.6566161569541191,0.6104867699769235,0.5976434731766445,0.7085208367835466,0.7182978676484433,0.6788321677218729
0.6586850064212476,0.6786940067758583,0.6525433421990668,0.6078788256738334,0.593377122978295,0.7085208367835466,0.7182978676484433,0.6788321677218729
0.655060050691398,0.6949641963503783,0.6618395213368323,0.6145095833572183,0.6017521522617493,0.7085208367835466,0.7182978676484433,0.6788321677218729
0.6280252967166637,0.6522327288645915,0.6211448004643991,0.5885141546497762,0.5733013459337782,0.7085208367835466,0.7182978676484433,0.6788321677218729
0.6492561783718844,0.6889847482213258,0.6563590725977221,0.6130286267432421,0.5943696618059908,0.7085208367835466,0.7182978676484433,0.6788321677218729
0.655060050691398,0.6949641963503783,0.6618395213368323,0.6150237337219009,0.6022771934541546,0.7085208367835466,0.7182978676484433,0.6788321677218729
0.655060050691398,0.6949641963503783,0.6618395213368323,0.6150237337219009,0.6022771934541546,0.7085208367835466,0.7182978676484433,0.6788321677218729
0.655060050691398,0.6908825555660564,0.6618395213368323,0.6143712396290105,0.6023807585769131,0.7085208367835466,0.7182978676484433,0.6788321677218729
0.6647562709748744,0.6871742295785715,0.6544208544377925,0.6099761201668346,0.5950258491759813,0.7085208367835466,0.7182978676484433,0.6788321677218729
0.655060050691398,0.6949641963503783,0.6618395213368323,0.6176822298424329,0.6049917038909752,0.7085208367835466,0.7182978676484433,0.6788321677218729
0.6232492521546785,0.6472725901661532,0.6164210811142824,0.5832978289117079,0.567071671721641,0.7085208367835466,0.7182978676484433,0.6788321677218729
0.655060050691398,0.6949641963503783,0.6618395213368323,0.6136008802835377,0.6008241548061443,0.7085208367835466,0.7182978676484433,0.6788321677218729
0.655060050691398,0.6949641963503783,0.6618395213368323,0.6150237337219009,0.6022771934541546,0.7085208367835466,0.7182978676484433,0.6788321677218729
0.658981861435575,0.6853905495734646,0.6589818614355749,0.6094676263125717,0.5966023904049209,0.7085208367835466,0.7182978676484433,0.6788321677218729
0.6586850064212476,0.6786940067758583,0.6525433421990668,0.6082932079475158,0.5945084555837824,0.7085208367835466,0.7182978676484433,0.6788321677218729
0.6553884685884468,0.6774905113967223,0.651386218533347,0.6042714127524379,0.589174660205969,0.7085208367835466,0.7182978676484433,0.6788321677218729
0.6617350715166064,0.690390080568054,0.6685836245426474,0.6174373875073538,0.6110998997022747,0.7085208367835466,0.7182978676484433,0.6788321677218729
0.655060050691398,0.6949641963503783,0.6618395213368323,0.6164218799968516,0.6037048607164253,0.7085208367835466,0.7182978676484433,0.6788321677218729
0.658981861435575,0.6853905495734646,0.6589818614355749,0.6104453366208493,0.5976011493596103,0.7085208367835466,0.7182978676484433,0.6788321677218729
0.6566161569541191,0.684535489240424,0.6566161569541191,0.6098440726447751,0.5976434731766445,0.7085208367835466,0.7182978676484433,0.6788321677218729
0.6568397170069611,0.6789907011015252,0.6466273845028838,0.6063423729031014,0.588375673013066,0.7085208367835466,0.7182978676484433,0.6788321677218729
0.6601383920023148,0.6801915421285516,0.6477709888132965,0.6068701655774043,0.5882574949198275,0.7085208367835466,0.7182978676484433,0.6788321677218729
0.655060050691398,0.6949641963503783,0.6618395213368323,0.6150237337219009,0.6022771934541546,0.7085208367835466,0.7182978676484433,0.6788321677218729
0.658981861435575,0.6853905495734646,0.6589818614355749,0.609586248085729,0.5967235696442881,0.7085208367835466,0.7182978676484433,0.6788321677218729
0.6369076757187141,0.662431741197606,0.636907675718714,0.596384433674493,0.5842632204976731,0.7085208367835466,0.7182978676484433,0.6788321677218729
0.655060050691398,0.6949641963503783,0.6618395213368323,0.6176822298424329,0.6049917038909752,0.7085208367835466,0.7182978676484433,0.6788321677218729
0.655060050691398,0.6949641963503783,0.6622264395632,0.616539163777135,0.6038246145900267,0.7085208367835466,0.7182978676484433,0.6788321677218729
0.655060050691398,0.6949641963503783,0.6618395213368323,0.6150237337219009,0.6022771934541546,0.7085208367835466,0.7182978676484433,0.6788321677218729
0.6566161569541191,0.684535489240424,0.6566161569541191,0.6104867699769235,0.5976434731766445,0.7085208367835466,0.7182978676484433,0.6788321677218729
0.6504658394161583,0.6755382493246966,0.6437155928152407,0.605347581496437,0.5892502357604713,0.7085208367835466,0.7182978676484433,0.6788321677218729
0.6647562709748744,0.6871742295785715,0.6544208544377925,0.6093328842241269,0.5950258491759813,0.7085208367835466,0.7182978676484433,0.6788321677218729
0.6401308357861316,0.6609003696551982,0.6376902762795502,0.5972954996584654,0.5843895424177648,0.7085208367835466,0.7182978676484433,0.6788321677218729
0.6488127447159354,0.6748139056549707,0.6488127447159353,0.6044758666713599,0.5927739356318019,0.7085208367835466,0.7182978676484433,0.6788321677218729
0.6483189139930102,0.6878124113451128,0.6550286179990115,0.6127500961323782,0.5940456485839362,0.7085208367835466,0.7182978676484433,0.6788321677218729
0.655060050691398,0.6949641963503783,0.6618395213368323,0.6150237337219009,0.6022771934541546,0.7085208367835466,0.7182978676484433,0.6788321677218729
0.6173147106565156,0.6411092999035746,0.6149611397903424,0.5808489787610407,0.5692094180889262,0.7085208367835466,0.7182978676484433,0.6788321677218729
0.6131971040759234,0.6340400873602487,0.6040162206839841,0.5734065241853377,0.5563749315279587,0.7085208367835466,0.7182978676484433,0.6788321677218729
0.6533369830728023,0.6811168848192897,0.6486522261010975,0.6083871281608736,0.5968030362457788,0.7085208367835466,0.7182978676484433,0.6788321677218729
0.6658847681316502,0.6810716544624675,0.6658847681316501,0.612530007305119,0.606141212733001,0.7085208367835466,0.7182978676484433,0.6788321677218729
0.6504658394161583,0.6755382493246966,0.643339489898508,0.6062130771332477,0.5916182115580727,0.7085208367835466,0.7182978676484433,0.6788321677218729
0.655060050691398,0.6908825555660564,0.6618395213368323,0.614269696090083,0.6022771934541546,0.7085208367835466,0.7182978676484433,0.6788321677218729
0.6617350715166064,0.690390080568054,0.6685836245426474,0.6174373875073538,0.6110998997022747,0.7085208367835466,0.7182978676484433,0.6788321677218729
0.6504658394161583,0.6755382493246966,0.643339489898508,0.6063170755118452,0.5919023382564962,0.7085208367835466,0.7182978676484433,0.6788321677218729
0.655062629909803,0.6887891426540765,0.6618421272485694,0.6150501565440493,0.6028638175961211,0.7085208367835466,0.7182978676484433,0.6788321677218729
0.6506190632778472,0.6784586573117836,0.6506190632778472,0.6074492365799217,0.5896738065668146,0.7085208367835466,0.7182978676484433,0.6788321677218729
0.655060050691398,0.6949641963503783,0.6618395213368323,0.6150237337219009,0.6022771934541546,0.7085208367835466,0.7182978676484433,0.6788321677218729
0.6345652784103021,0.6615470068945234,0.6345652784103021,0.5963381284696216,0.5854731982666501,0.7085208367835466,0.7182978676484433,0.6788321677218729
0.655060050691398,0.6949641963503783,0.6622264395632,0.6151412840749542,0.6023972311416852,0.7085208367835466,0.7182978676484433,0.6788321677218729
0.6716837489261684,0.6828075837238727,0.6612406261916361,0.613623394423397,0.6051851777827544,0.7085208367835466,0.7182978676484433,0.6788321677218729
0.6971177840964463,0.7217502030301184,0.6971177840964463,0.6530122237099278,0.6481000667609577,0.7085208367835466,0.7182978676484433,0.6788321677218729
0.658981861435575,0.6853905495734646,0.6589818614355749,0.6102928893367519,0.5974454246948306,0.7085208367835466,0.7182978676484433,0.6788321677218729
0.655060050691398,0.6949641963503783,0.6618395213368323,0.6204586639429026,0.6078261086656261,0.7085208367835466,0.7182978676484433,0.6788321677218729
0.6472556512400306,0.6610440115899575,0.6401644717829342,0.6005399027973282,0.5892614710907591,0.7085208367835466,0.7182978676484433,0.6788321677218729
0.6636464521843597,0.6868734851443636,0.6541344446436964,0.6115209893626031,0.5958133638998251,0.7085208367835466,0.7182978676484433,0.6788321677218729
0.6321523829776805,0.6480899055771492,0.6321523829776805,0.5916659909864371,0.5832148089005214,0.7085208367835466,0.7182978676484433,0.6788321677218729
0.6395410392835216,0.6612794706994924,0.6299657303543151,0.5945241708077444,0.5734117884417123,0.7085208367835466,0.7182978676484433,0.6788321677218729
0.6369076757187141,0.662431741197606,0.636907675718714,0.5954185113606554,0.581599683767547,0.7085208367835466,0.7182978676484433,0.6788321677218729
0.6647562709748744,0.6871742295785715,0.6544208544377925,0.6148970865055127,0.6002571753683708,0.7085208367835466,0.7182978676484433,0.6788321677218729
0.6497697698007147,0.6605306845725264,0.6396673585602074,0.6016548833364824,0.589011112861466,0.7085208367835466,0.7182978676484433,0.6788321677218729
0.6617350715166064,0.690390080568054,0.6685836245426474,0.6173153228260647,0.6109765688797506,0.7085208367835466,0.7182978676484433,0.6788321677218729
0.6367409049484063,0.6612842829507461,0.6297649225587388,0.5943061078467483,0.5821241208483773,0.7085208367835466,0.7182978676484433,0.6788321677218729
0.6483189139930102,0.6878124113451128,0.6550286179990115,0.6127500961323782,0.5940456485839362,0.7085208367835466,0.7182978676484433,0.6788321677218729
0.655060050691398,0.6949641963503783,0.6618395213368323,0.6150237337219009,0.6022771934541546,0.7085208367835466,0.7182978676484433,0.6788321677218729
0.6415135548031353,0.6600663731843711,0.6323187768447202,0.5967694646154674,0.5807902758511632,0.7085208367835466,0.7182978676484433,0.6788321677218729
0.6636464521843597,0.6868734851443636,0.6541344446436964,0.6115209893626031,0.5958133638998251,0.7085208367835466,0.7182978676484433,0.6788321677218729
0.6386327065309805,0.6580325743386171,0.6266682029252957,0.593043559481948,0.5728699027175543,0.7085208367835466,0.7182978676484433,0.6788321677218729
0.6374493116041005,0.6597594680469275,0.6283127862165068,0.593783522779989,0.5725736698883711,0.7085208367835466,0.7182978676484433,0.6788321677218729
0.6449107694416384,0.6723323884139474,0.6402864326881004,0.6036127209934794,0.5889523158662247,0.7085208367835466,0.7182978676484433,0.6788321677218729
0.622445351442642,0.6489117403868411,0.617982103111036,0.5864822523145524,0.5723196851677808,0.7085208367835466,0.7182978676484433,0.6788321677218729
0.6492561783718844,0.6889847482213258,0.6563590725977221,0.6130286267432421,0.5943696618059908,0.7085208367835466,0.7182978676484433,0.6788321677218729
0.655060050691398,0.6949641963503783,0.6618395213368323,0.6149348164968534,0.6021863941121588,0.7085208367835466,0.7182978676484433,0.6788321677218729
0.6218411817186621,0.6436050675589722,0.6129283667851473,0.583638944905316,0.5700364715879856,0.7085208367835466,0.7182978676484433,0.6788321677218729
0.6504658394161583,0.6755382493246966,0.6437155928152407,0.6051672807379908,0.5887895696397423,0.7085208367835466,0.7182978676484433,0.6788321677218729
0.655060050691398,0.6949641963503783,0.6618395213368323,0.6143857824399395,0.6022771934541546,0.7085208367835466,0.7182978676484433,0.6788321677218729
0.6320439477986274,0.6533587298866366,0.6267109668873738,0.5888521737486585,0.5753119925893401,0.7085208367835466,0.7182978676484433,0.6788321677218729
0.655060050691398,0.6949641963503783,0.6618395213368323,0.6144376391119356,0.6016786825800253,0.7085208367835466,0.7182978676484433,0.6788321677218729
0.658981861435575,0.6853905495734646,0.6589818614355749,0.6108105891177449,0.597974247348623,0.7085208367835466,0.7182978676484433,0.6788321677218729
0.655060050691398,0.6949641963503783,0.6618395213368323,0.6150237337219009,0.6022771934541546,0.7085208367835466,0.7182978676484433,0.6788321677218729
0.6263802929484171,0.6514824737218888,0.626380292948417,0.5874093337931816,0.5770677137031152,0.7085208367835466,0.7182978676484433,0.6788321677218729
0.6361065691236917,0.6748561298122951,0.6430656059836508,0.6033340511579897,0.5784378877207117,0.7085208367835466,0.7182978676484433,0.6788321677218729
0.6506190632778472,0.6784586573117836,0.6506190632778472,0.6069431846769493,0.5882825935685253,0.7085208367835466,0.7182978676484433,0.6788321677218729
0.644364860954457,0.6692021067335887,0.6376779276078686,0.60016365941182,0.5794739689978508,0.7085208367835466,0.7182978676484433,0.6788321677218729
0.655060050691398,0.6949641963503783,0.6618395213368323,0.6145095833572183,0.6017521522617493,0.7085208367835466,0.7182978676484433,0.6788321677218729
0.6504658394161583,0.6755382493246966,0.643339489898508,0.6053457095393283,0.5892784839684675,0.7085208367835466,0.7182978676484433,0.6788321677218729
0.655060050691398,0.6908825555660564,0.6618395213368323,0.6169990185466381,0.6050606144081144,0.7085208367835466,0.7182978676484433,0.6788321677218729
0.655060050691398,0.6949641963503783,0.6618395213368323,0.6157853771907562,0.6037048607164253,0.7085208367835466,0.7182978676484433,0.6788321677218729
0.6617350715166064,0.690390080568054,0.6685836245426474,0.6173153228260647,0.6109765688797506,0.7085208367835466,0.7182978676484433,0.6788321677218729
0.655060050691398,0.6949641963503783,0.6618395213368323,0.6178121151611707,0.6051243131404532,0.7085208367835466,0.7182978676484433,0.6788321677218729
0.6449107694416384,0.6683836680171524,0.6402864326881004,0.6027750907796888,0.5874194393077726,0.7085208367835466,0.7182978676484433,0.6788321677218729
0.6424807066177748,0.6531209063435448,0.637059663735907,0.5962123970335164,0.5861180345126281,0.7085208367835466,0.7182978676484433,0.6788321677218729
0.6647562709748744,0.6871742295785715,0.6544208544377925,0.6099761201668346,0.5950258491759813,0.7085208367835466,0.7182978676484433,0.6788321677218729
0.6173147106565156,0.6411092999035746,0.6149611397903424,0.5797848238626885,0.566969663605583,0.7085208367835466,0.7182978676484433,0.6788321677218729
0.6428149984060691,0.6625130517437922,0.6311408973116402,0.5965038342792824,0.5763088761365872,0.7085208367835466,0.7182978676484433,0.6788321677218729
0.6401308357861316,0.6648048797364347,0.6376902762795502,0.5975864071222168,0.5843895424177648,0.7085208367835466,0.7182978676484433,0.6788321677218729
0.6283577647258698,0.6552448113333089,0.6283577647258698,0.5909502821321437,0.5744901897096607,0.7085208367835466,0.7182978676484433,0.6788321677218729
0.6449107694416384,0.6723323884139474,0.6402864326881004,0.6029963387517476,0.5872661610988811,0.7085208367835466,0.7182978676484433,0.6788321677218729
0.6025889815112154,0.6229104368060284,0.5935669245971354,0.5674526056718159,0.5527506870582864,0.7085208367835466,0.7182978676484433,0.6788321677218729
0.6504658394161583,0.6755382493246966,0.6437155928152407,0.605347581496437,0.5892502357604713,0.7085208367835466,0.7182978676484433,0.6788321677218729
0.658981861435575,0.6853905495734646,0.6589818614355749,0.6123993880254355,0.5995970606730101,0.7085208367835466,0.7182978676484433,0.6788321677218729
0.646458018432237,0.6739454264629491,0.646458018432237,0.6029688465553144,0.5899925332312959,0.7085208367835466,0.7182978676484433,0.6788321677218729
0.6504658394161583,0.6715707003713933,0.643339489898508,0.605058532699679,0.5892784839684675,0.7085208367835466,0.7182978676484433,0.6788321677218729
0.655060050691398,0.6908825555660564,0.6618395213368323,0.614269696090083,0.6022771934541546,0.7085208367835466,0.7182978676484433,0.6788321677218729
0.655060050691398,0.6949641963503783,0.6618395213368323,0.6150237337219009,0.6022771934541546,0.7085208367835466,0.7182978676484433,0.6788321677218729
0.655060050691398,0.6949641963503783,0.6618395213368323,0.6174099669399455,0.6047137273045571,0.7085208367835466,0.7182978676484433,0.6788321677218729
0.6578469562868982,0.6778304990323757,0.6455224821408162,0.6030012464476381,0.5872086224009209,0.7085208367835466,0.7182978676484433,0.6788321677218729
0.655060050691398,0.6949641963503783,0.6618395213368323,0.6150237337219009,0.6022771934541546,0.7085208367835466,0.7182978676484433,0.6788321677218729
0.6416974955606414,0.6578756649592075,0.6416974955606414,0.6013545441159925,0.594418552750198,0.7085208367835466,0.7182978676484433,0.6788321677218729
0.6342774141325719,0.6564765569975,0.6251863513743167,0.5920197299086964,0.5722497351417181,0.7085208367835466,0.7182978676484433,0.6788321677218729
0.6566161569541191,0.684535489240424,0.6566161569541191,0.6104867699769235,0.5976434731766445,0.7085208367835466,0.7182978676484433,0.6788321677218729
0.6369076757187141,0.662431741197606,0.636907675718714,0.5926820544460312,0.5794988017515983,0.7085208367835466,0.7182978676484433,0.6788321677218729
0.655060050691398,0.6949641963503783,0.6618395213368323,0.6150237337219009,0.6022771934541546,0.7085208367835466,0.7182978676484433,0.6788321677218729
0.6566161569541191,0.684535489240424,0.6566161569541191,0.6092529952787984,0.5970403171870924,0.7085208367835466,0.7182978676484433,0.6788321677218729
0.655060050691398,0.6949641963503783,0.6618395213368323,0.6135434480583913,0.6007655011476319,0.7085208367835466,0.7182978676484433,0.6788321677218729
0.6504658394161583,0.6755382493246966,0.643339489898508,0.6073474884726476,0.5947458125326611,0.7085208367835466,0.7182978676484433,0.6788321677218729
0.6492561783718844,0.6889847482213258,0.6563590725977221,0.6130286267432421,0.5943696618059908,0.7085208367835466,0.7182978676484433,0.6788321677218729
0.6492768616350536,0.6713462202213966,0.6453119332303006,0.6027545418376686,0.5855478098701963,0.7085208367835466,0.7182978676484433,0.6788321677218729
0.6271788892699965,0.6483296041871319,0.623348906192106,0.5847959874749429,0.5711033195723638,0.7085208367835466,0.7182978676484433,0.6788321677218729
0.6566161569541191,0.684535489240424,0.6566161569541191,0.6104867699769235,0.5976434731766445,0.7085208367835466,0.7182978676484433,0.6788321677218729
0.6345652784103021,0.6615470068945234,0.6345652784103021,0.5935450448181585,0.5838627160670059,0.7085208367835466,0.7182978676484433,0.6788321677218729
0.6411671200203551,0.6606439761910381,0.6291551352897266,0.5938854118847228,0.5756454887281177,0.7085208367835466,0.7182978676484433,0.6788321677218729
0.6173147106565156,0.6411092999035746,0.6149611397903424,0.5808937055403421,0.5693656639609507,0.7085208367835466,0.7182978676484433,0.6788321677218729
0.6401308357861316,0.6648048797364347,0.6376902762795502,0.5975864071222168,0.5843895424177648,0.7085208367835466,0.7182978676484433,0.6788321677218729
0.6369076757187141,0.662431741197606,0.636907675718714,0.5959749243773973,0.5831478584767691,0.7085208367835466,0.7182978676484433,0.6788321677218729
0.655060050691398,0.6949641963503783,0.6618395213368323,0.6178121151611707,0.6051243131404532,0.7085208367835466,0.7182978676484433,0.6788321677218729
0.658981861435575,0.6853905495734646,0.6589818614355749,0.6094676263125717,0.5966023904049209,0.7085208367835466,0.7182978676484433,0.6788321677218729
0.6345652784103021,0.6615470068945234,0.6345652784103021,0.595118807618611,0.5821248456722332,0.7085208367835466,0.7182978676484433,0.6788321677218729
0.655060050691398,0.6949641963503783,0.6618395213368323,0.6176822298424329,0.6049917038909752,0.7085208367835466,0.7182978676484433,0.6788321677218729
0.6367495220192766,0.6755382493246966,0.643339489898508,0.600923015213819,0.5878708148287795,0.7085208367835466,0.7182978676484433,0.6788321677218729
0.658981861435575,0.6853905495734646,0.6589818614355749,0.6102362044682489,0.5980436048771789,0.7085208367835466,0.7182978676484433,0.6788321677218729
0.6369076757187141,0.662431741197606,0.636907675718714,0.5954591210913743,0.5817410391151336,0.7085208367835466,0.7182978676484433,0.6788321677218729
0.6492561783718844,0.6889847482213258,0.6563590725977221,0.6144313129262948,0.5958162770292477,0.7085208367835466,0.7182978676484433,0.6788321677218729
0.658981861435575,0.6853905495734646,0.6589818614355749,0.6108105891177449,0.597974247348623,0.7085208367835466,0.7182978676484433,0.6788321677218729
0.655060050691398,0.6949641963503783,0.6618395213368323,0.6150237337219009,0.6022771934541546,0.7085208367835466,0.7182978676484433,0.6788321677218729
0.645884311520636,0.6655044627192637,0.6337839522765562,0.5980758286407071,0.5814013334978892,0.7085208367835466,0.7182978676484433,0.6788321677218729
0.6647562709748744,0.6871742295785715,0.6544208544377925,0.6099761201668346,0.5950258491759813,0.7085208367835466,0.7182978676484433,0.6788321677218729
0.655060050691398,0.6949641963503783,0.6618395213368323,0.6150237337219009,0.6022771934541546,0.7085208367835466,0.7182978676484433,0.6788321677218729
0.6566161569541191,0.684535489240424,0.6566161569541191,0.6104867699769235,0.5976434731766445,0.7085208367835466,0.7182978676484433,0.6788321677218729
0.6504658394161583,0.6755382493246966,0.643339489898508,0.6053457095393283,0.5892784839684675,0.7085208367835466,0.7182978676484433,0.6788321677218729
0.6411671200203551,0.6606439761910381,0.6291551352897266,0.5938850206592257,0.5756461965347998,0.7085208367835466,0.7182978676484433,0.6788321677218729
0.6492561783718844,0.6889847482213258,0.6563590725977221,0.6145328297601478,0.5959209649959275,0.7085208367835466,0.7182978676484433,0.6788321677218729
0.655060050691398,0.6949641963503783,0.6618395213368323,0.6150237337219009,0.6022771934541546,0.7085208367835466,0.7182978676484433,0.6788321677218729
0.6504658394161583,0.6755382493246966,0.643339489898508,0.605302789559925,0.5891275193127675,0.7085208367835466,0.7182978676484433,0.6788321677218729
0.655060050691398,0.6949641963503783,0.6618395213368323,0.6170372343237562,0.604333164120335,0.7085208367835466,0.7182978676484433,0.6788321677218729
0.6636464521843597,0.6868734851443636,0.6541344446436964,0.6115209893626031,0.5958133638998251,0.7085208367835466,0.7182978676484433,0.6788321677218729
0.6320439477986274,0.6533587298866366,0.6267109668873738,0.588771773091126,0.5750598829202401,0.7085208367835466,0.7182978676484433,0.6788321677218729
0.6401308357861316,0.6648048797364347,0.6376902762795502,0.5986571673287604,0.5873382151415798,0.7085208367835466,0.7182978676484433,0.6788321677218729
0.652008572679345,0.6781378063757155,0.6520085726793449,0.6072150363870329,0.5892167709575328,0.7085208367835466,0.7182978676484433,0.6788321677218729
0.6337277384198722,0.6723323884139474,0.6402864326881004,0.6014982102676911,0.588458768027991,0.7085208367835466,0.7182978676484433,0.6788321677218729
0.655060050691398,0.6949641963503783,0.6618395213368323,0.6150237337219009,0.6022771934541546,0.7085208367835466,0.7182978676484433,0.6788321677218729
0.635562387438355,0.661203341437901,0.635562387438355,0.5958235312496394,0.5780805549258633,0.7085208367835466,0.7182978676484433,0.6788321677218729
0.5832110498200891,0.6056911027578467,0.5823533029434476,0.5559833605461095,0.5445427605276008,0.7085208367835466,0.7182978676484433,0.6788321677218729
0.655060050691398,0.6949641963503783,0.6618395213368323,0.6150237337219009,0.6022771934541546,0.7085208367835466,0.7182978676484433,0.6788321677218729
0.655060050691398,0.6949641963503783,0.6618395213368323,0.6150237337219009,0.6022771934541546,0.7085208367835466,0.7182978676484433,0.6788321677218729
0.655060050691398,0.6949641963503783,0.6622264395632,0.6151412840749542,0.6023972311416852,0.7085208367835466,0.7182978676484433,0.6788321677218729
0.658981861435575,0.6853905495734646,0.6589818614355749,0.6094676263125717,0.5966023904049209,0.7085208367835466,0.7182978676484433,0.6788321677218729
0.6636464521843597,0.6868734851443636,0.6541344446436964,0.6115209893626031,0.5958133638998251,0.7085208367835466,0.7182978676484433,0.6788321677218729
0.6504658394161583,0.6755382493246966,0.643339489898508,0.6053457095393283,0.5892784839684675,0.7085208367835466,0.7182978676484433,0.6788321677218729
0.6566161569541191,0.684535489240424,0.6566161569541191,0.6090533175021391,0.5961791410927985,0.7085208367835466,0.7182978676484433,0.6788321677218729
0.6580159622986371,0.6859948143365289,0.6580159622986371,0.6079985417443622,0.5957143771391771,0.7085208367835466,0.7182978676484433,0.6788321677218729
0.6630738175018894,0.7034661359898269,0.6699362257296014,0.6177221214761329,0.6114328124581928,0.7085208367835466,0.7182978676484433,0.6788321677218729
0.6647562709748744,0.6871742295785715,0.6544208544377925,0.6099761201668346,0.5950258491759813,0.7085208367835466,0.7182978676484433,0.6788321677218729
0.6492561783718844,0.6889847482213258,0.6563590725977221,0.6165639545198337,0.5985600888756998,0.7085208367835466,0.7182978676484433,0.6788321677218729
0.655060050691398,0.6949641963503783,0.6618395213368323,0.6151251527859284,0.6023807585769131,0.7085208367835466,0.7182978676484433,0.6788321677218729
0.6449107694416384,0.6723323884139474,0.6402864326881004,0.6035726598556126,0.5888126917211826,0.7085208367835466,0.7182978676484433,0.6788321677218729
0.655060050691398,0.6949641963503783,0.6618395213368323,0.6151251527859284,0.6023807585769131,0.7085208367835466,0.7182978676484433,0.6788321677218729
0.655060050691398,0.6949641963503783,0.6618395213368323,0.6136451117739503,0.6008693268239355,0.7085208367835466,0.7182978676484433,0.6788321677218729
0.6339304005249635,0.6585355585433091,0.6273517513906711,0.5921899594362162,0.5733960497500036,0.7085208367835466,0.7182978676484433,0.6788321677218729
0.6273547710201021,0.6540299085841216,0.6273547710201021,0.5900129743743574,0.57415495800244,0.7085208367835466,0.7182978676484433,0.6788321677218729
0.655060050691398,0.6949641963503783,0.6618395213368323,0.6150237337219009,0.6022771934541546,0.7085208367835466,0.7182978676484433,0.6788321677218729
0.6647562709748744,0.6871742295785715,0.6548034356347956,0.6099934033414872,0.5950418406121724,0.7085208367835466,0.7182978676484433,0.6788321677218729
0.6512083148939748,0.6774804838837385,0.6512083148939746,0.6056129302483011,0.5933161543632298,0.7085208367835466,0.7182978676484433,0.6788321677218729
0.6504658394161583,0.6715707003713933,0.643339489898508,0.6061228705610752,0.5921881020983681,0.7085208367835466,0.7182978676484433,0.6788321677218729
0.6449107694416384,0.6723323884139474,0.6402864326881004,0.6030633549880531,0.5874194393077726,0.7085208367835466,0.7182978676484433,0.6788321677218729
0.6571340262375913,0.6792949354918524,0.646917117908325,0.6047842755235385,0.5875781898433188,0.7085208367835466,0.7182978676484433,0.6788321677218729
0.6367495220192766,0.6755382493246966,0.643339489898508,0.6005879870220788,0.5875283438856531,0.7085208367835466,0.7182978676484433,0.6788321677218729
0.6339304005249635,0.6585355585433091,0.6315134807657207,0.5932792376952748,0.5763909368338119,0.7085208367835466,0.7182978676484433,0.6788321677218729
0.6504658394161583,0.6715707003713933,0.643339489898508,0.605058532699679,0.5892784839684675,0.7085208367835466,0.7182978676484433,0.6788321677218729
0.6426060962796589,0.6642770717843417,0.6329848968355036,0.5967269584783862,0.5802487327634964,0.7085208367835466,0.7182978676484433,0.6788321677218729
0.6504658394161583,0.6755382493246966,0.643339489898508,0.605302789559925,0.5891275193127675,0.7085208367835466,0.7182978676484433,0.6788321677218729
0.6492561783718844,0.6889847482213258,0.6563590725977221,0.6156957375429829,0.597120120995148,0.7085208367835466,0.7182978676484433,0.6788321677218729
0.6376902762795502,0.6648048797364347,0.6376902762795502,0.5953382367689094,0.5831226270717698,0.7085208367835466,0.7182978676484433,0.6788321677218729
0.6378172282868707,0.6649372297456766,0.6332437558150737,0.599088543687148,0.5818001181328922,0.7085208367835466,0.7182978676484433,0.6788321677218729
0.6505696350617923,0.6735129718356896,0.641619935300225,0.604217244511472,0.5793819608587036,0.7085208367835466,0.7182978676484433,0.6788321677218729
0.652008572679345,0.6781378063757155,0.6520085726793449,0.6083954174573477,0.592454858500241,0.7085208367835466,0.7182978676484433,0.6788321677218729
0.6566161569541191,0.684535489240424,0.6566161569541191,0.6070608305006872,0.5948031439214662,0.7085208367835466,0.7182978676484433,0.6788321677218729
0.6566161569541191,0.684535489240424,0.6566161569541191,0.6085341227548344,0.5956487247285779,0.7085208367835466,0.7182978676484433,0.6788321677218729
0.6657217563422931,0.6883500879949097,0.6557544656035897,0.611713761085817,0.5974066233530253,0.7085208367835466,0.7182978676484433,0.6788321677218729
0.658981861435575,0.6853905495734646,0.6589818614355749,0.6094676263125717,0.5966023904049209,0.7085208367835466,0.7182978676484433,0.6788321677218729
0.655060050691398,0.6949641963503783,0.6618395213368323,0.6150237337219009,0.6022771934541546,0.7085208367835466,0.7182978676484433,0.6788321677218729
0.6294998928802086,0.6537641638000159,0.6229672215934172,0.5895797415757896,0.5745291296563265,0.7085208367835466,0.7182978676484433,0.6788321677218729
0.655060050691398,0.6908825555660564,0.6618395213368323,0.614269696090083,0.6022771934541546,0.7085208367835466,0.7182978676484433,0.6788321677218729
0.6630738175018894,0.7034661359898269,0.6699362257296014,0.6177221214761329,0.6114328124581928,0.7085208367835466,0.7182978676484433,0.6788321677218729
0.6566161569541191,0.684535489240424,0.6566161569541191,0.6098963154775395,0.5970403171870924,0.7085208367835466,0.7182978676484433,0.6788321677218729
0.637680161941747,0.6570510941203075,0.6257335038410855,0.5917332216894116,0.574559668796454,0.7085208367835466,0.7182978676484433,0.6788321677218729
0.655060050691398,0.6949641963503783,0.6618395213368323,0.6150237337219009,0.6022771934541546,0.7085208367835466,0.7182978676484433,0.6788321677218729
0.658981861435575,0.6853905495734646,0.6589818614355749,0.6108105891177449,0.597974247348623,0.7085208367835466,0.7182978676484433,0.6788321677218729
0.6719564621531687,0.69547433803836,0.6623253477036594,0.6142347651759571,0.6050667987893137,0.7085208367835466,0.7182978676484433,0.6788321677218729
0.6568397170069611,0.6789907011015252,0.6466273845028838,0.6076137343694447,0.5899434287555337,0.7085208367835466,0.7182978676484433,0.6788321677218729
0.6345652784103021,0.6615470068945234,0.6345652784103021,0.5933533026090908,0.5826701397932782,0.7085208367835466,0.7182978676484433,0.6788321677218729
0.630488063721176,0.6547904239961548,0.6295607850497871,0.5910062391818613,0.5816556077477025,0.7085208367835466,0.7182978676484433,0.6788321677218729
0.658981861435575,0.6853905495734646,0.6589818614355749,0.6094676263125717,0.5966023904049209,0.7085208367835466,0.7182978676484433,0.6788321677218729
0.6572281064537603,0.6835665128872581,0.6572281064537602,0.6089793965100481,0.60259884679885,0.7085208367835466,0.7182978676484433,0.6788321677218729
0.6454782673308098,0.6713457991390298,0.6454782673308097,0.6014302711961418,0.5910756792103977,0.7085208367835466,0.7182978676484433,0.6788321677218729
0.6599439445164994,0.6865685413429875,0.6599439445164992,0.6097743077919722,0.5975168945915088,0.7085208367835466,0.7182978676484433,0.6788321677218729
0.655060050691398,0.6949641963503783,0.6618395213368323,0.6150237337219009,0.6022771934541546,0.7085208367835466,0.7182978676484433,0.6788321677218729
0.6504658394161583,0.6755382493246966,0.643339489898508,0.605302789559925,0.5891275193127675,0.7085208367835466,0.7182978676484433,0.6788321677218729
0.655060050691398,0.6949641963503783,0.6618395213368323,0.6178121151611707,0.6051243131404532,0.7085208367835466,0.7182978676484433,0.6788321677218729
0.655060050691398,0.6949641963503783,0.6618395213368323,0.6178121151611707,0.6051243131404532,0.7085208367835466,0.7182978676484433,0.6788321677218729
0.6566161569541191,0.684535489240424,0.6566161569541191,0.6094442011117636,0.5972354329403375,0.7085208367835466,0.7182978676484433,0.6788321677218729
0.655060050691398,0.6949641963503783,0.6618395213368323,0.615935416168722,0.6032081411956592,0.7085208367835466,0.7182978676484433,0.6788321677218729
0.658981861435575,0.6853905495734646,0.6589818614355749,0.6133017343399169,0.6007082024694224,0.7085208367835466,0.7182978676484433,0.6788321677218729
0.6345652784103021,0.6615470068945234,0.6345652784103021,0.5945604655773986,0.5813069693613149,0.7085208367835466,0.7182978676484433,0.6788321677218729
0.6280252967166637,0.6522327288645915,0.6211448004643991,0.5882308489908681,0.5725598299159005,0.7085208367835466,0.7182978676484433,0.6788321677218729
0.655060050691398,0.6949641963503783,0.6618395213368323,0.6176822298424329,0.6049917038909752,0.7085208367835466,0.7182978676484433,0.6788321677218729
0.6449107694416384,0.6723323884139474,0.6402864326881004,0.6030633549880531,0.5874194393077726,0.7085208367835466,0.7182978676484433,0.6788321677218729
0.6558208723377307,0.6957713647976854,0.662608217021602,0.6093882491356594,0.6030120255634923,0.7085208367835466,0.7182978676484433,0.6788321677218729
0.644789755959763,0.6673568213974757,0.6416429883369714,0.5993242182844036,0.5871518397469623,0.7085208367835466,0.7182978676484433,0.6788321677218729
0.6566161569541191,0.684535489240424,0.6566161569541191,0.6089954564124508,0.596120030400585,0.7085208367835466,0.7182978676484433,0.6788321677218729
0.655060050691398,0.6949641963503783,0.6618395213368323,0.6136899907819432,0.6009151599849407,0.7085208367835466,0.7182978676484433,0.6788321677218729
0.5941697646948476,0.6142072938917719,0.584931804437842,0.5578240283174047,0.5428608376257826,0.7085208367835466,0.7182978676484433,0.6788321677218729
0.655060050691398,0.6949641963503783,0.6618395213368323,0.6176822298424329,0.6049917038909752,0.7085208367835466,0.7182978676484433,0.6788321677218729
0.655060050691398,0.6949641963503783,0.6618395213368323,0.6150237337219009,0.6022771934541546,0.7085208367835466,0.7182978676484433,0.6788321677218729
0.6566161569541191,0.684535489240424,0.6566161569541191,0.6104867699769235,0.5976434731766445,0.7085208367835466,0.7182978676484433,0.6788321677218729
0.6401308357861316,0.6648048797364347,0.6376902762795502,0.5975864071222168,0.5843895424177648,0.7085208367835466,0.7182978676484433,0.6788321677218729
0.655060050691398,0.6949641963503783,0.6618395213368323,0.6130855366760553,0.6002978427373798,0.7085208367835466,0.7182978676484433,0.6788321677218729
0.6566161569541191,0.684535489240424,0.6566161569541191,0.6126525453437268,0.6002421524140824,0.7085208367835466,0.7182978676484433,0.6788321677218729
0.655060050691398,0.6949641963503783,0.6618395213368323,0.6150237337219009,0.6022771934541546,0.7085208367835466,0.7182978676484433,0.6788321677218729
0.6576265300167617,0.680818739023244,0.648579750576568,0.6091572144580458,0.5878188851355323,0.7085208367835466,0.7182978676484433,0.6788321677218729
0.6504658394161583,0.6755382493246966,0.643339489898508,0.6060175187328323,0.5910837024007738,0.7085208367835466,0.7182978676484433,0.6788321677218729
0.6449107694416384,0.6723323884139474,0.6402864326881004,0.6031034499564893,0.5875593945371845,0.7085208367835466,0.7182978676484433,0.6788321677218729
0.6483189139930102,0.6878124113451128,0.6550286179990115,0.6127500961323782,0.5940456485839362,0.7085208367835466,0.7182978676484433,0.6788321677218729
0.655060050691398,0.6949641963503783,0.6618395213368323,0.6178121151611707,0.6051243131404532,0.7085208367835466,0.7182978676484433,0.6788321677218729
0.6452301494619997,0.684535489240424,0.6519078866453463,0.606241596250192,0.59330641134052,0.7085208367835466,0.7182978676484433,0.6788321677218729
0.655060050691398,0.6949641963503783,0.6618395213368323,0.6178121151611707,0.6051243131404532,0.7085208367835466,0.7182978676484433,0.6788321677218729
0.658981861435575,0.6853905495734646,0.6589818614355749,0.6094676263125717,0.5966023904049209,0.7085208367835466,0.7182978676484433,0.6788321677218729
0.6483189139930102,0.6878124113451128,0.6550286179990115,0.6154289740190785,0.5969320306368234,0.7085208367835466,0.7182978676484433,0.6788321677218729
0.6647562709748744,0.6871742295785715,0.6544208544377925,0.6098748607607749,0.5949203188217446,0.7085208367835466,0.7182978676484433,0.6788321677218729
0.655060050691398,0.6949641963503783,0.6618395213368323,0.6150237337219009,0.6022771934541546,0.7085208367835466,0.7182978676484433,0.6788321677218729
0.655060050691398,0.6949641963503783,0.6622264395632,0.6164718871357151,0.6037559211655446,0.7085208367835466,0.7182978676484433,0.6788321677218729
0.6352348381543503,0.6566572284756726,0.6298749335498689,0.5911484916979604,0.5770675682936873,0.7085208367835466,0.7182978676484433,0.6788321677218729
0.6680668016971322,0.688360794640267,0.6555508632304636,0.6118298973036966,0.596271151607416,0.7085208367835466,0.7182978676484433,0.6788321677218729
0.655060050691398,0.6949641963503783,0.6618395213368323,0.6150237337219009,0.6022771934541546,0.7085208367835466,0.7182978676484433,0.6788321677218729
0.6449107694416384,0.6723323884139474,0.6402864326881004,0.6031021433681056,0.5875256234627917,0.7085208367835466,0.7182978676484433,0.6788321677218729
0.655060050691398,0.6949641963503783,0.6618395213368323,0.6150237337219009,0.6022771934541546,0.7085208367835466,0.7182978676484433,0.6788321677218729
0.655060050691398,0.6949641963503783,0.6618395213368323,0.6214133000082492,0.6088005536634536,0.7085208367835466,0.7182978676484433,0.6788321677218729
0.6630738175018894,0.7034661359898269,0.6699362257296014,0.6177221214761329,0.6114328124581928,0.7085208367835466,0.7182978676484433,0.6788321677218729
0.6409785642422013,0.6656852841518767,0.6400358568609841,0.5982439027644973,0.5848799145169156,0.7085208367835466,0.7182978676484433,0.6788321677218729
0.6566161569541191,0.684535489240424,0.6566161569541191,0.6104867699769235,0.5976434731766445,0.7085208367835466,0.7182978676484433,0.6788321677218729
0.608181301623267,0.6286913499502099,0.6044673308035257,0.5709491206695779,0.5518879917093178,0.7085208367835466,0.7182978676484433,0.6788321677218729
0.611720040177443,0.6377303886695213,0.611720040177443,0.5785148910859284,0.5674413849078837,0.7085208367835466,0.7182978676484433,0.6788321677218729
0.6280252967166637,0.6522327288645915,0.6211448004643991,0.5887847562560792,0.5740726943214639,0.7085208367835466,0.7182978676484433,0.6788321677218729
0.6553884685884468,0.6774905113967223,0.651386218533347,0.6070372795895962,0.5935728771797353,0.7085208367835466,0.7182978676484433,0.6788321677218729
0.6280252967166637,0.6522327288645915,0.6211448004643991,0.5898304993779254,0.5769315865955967,0.7085208367835466,0.7182978676484433,0.6788321677218729
0.655060050691398,0.6949641963503783,0.6618395213368323,0.6163545905536149,0.603636153664026,0.7085208367835466,0.7182978676484433,0.6788321677218729
0.655060050691398,0.6949641963503783,0.6618395213368323,0.6135434480583913,0.6007655011476319,0.7085208367835466,0.7182978676484433,0.6788321677218729
0.6636464521843597,0.6868734851443636,0.6541344446436964,0.6115209893626031,0.5958133638998251,0.7085208367835466,0.7182978676484433,0.6788321677218729
0.6409785642422013,0.6656852841518767,0.6400358568609841,0.5988074213164651,0.5864156740305634,0.7085208367835466,0.7182978676484433,0.6788321677218729
0.655060050691398,0.6908825555660564,0.6618395213368323,0.614269696090083,0.6022771934541546,0.7085208367835466,0.7182978676484433,0.6788321677218729
0.6553884685884468,0.6774905113967223,0.651386218533347,0.6064688656303463,0.5920196868193918,0.7085208367835466,0.7182978676484433,0.6788321677218729
0.655060050691398,0.6949641963503783,0.6618395213368323,0.6175492802564633,0.6048559648867334,0.7085208367835466,0.7182978676484433,0.6788321677218729
0.6630738175018894,0.7034661359898269,0.6699362257296014,0.6187876060400046,0.6125092376268958,0.7085208367835466,0.7182978676484433,0.6788321677218729
0.655060050691398,0.6949641963503783,0.6618395213368323,0.6129559380343759,0.6001654827507052,0.7085208367835466,0.7182978676484433,0.6788321677218729
0.6082032525869182,0.63164663782334,0.6073087488897908,0.5702240832301472,0.5600775033106331,0.7085208367835466,0.7182978676484433,0.6788321677218729
0.655060050691398,0.6949641963503783,0.6618395213368323,0.615561790688849,0.6028266275388371,0.7085208367835466,0.7182978676484433,0.6788321677218729
0.6566161569541191,0.684535489240424,0.6566161569541191,0.6098963154775395,0.5970403171870924,0.7085208367835466,0.7182978676484433,0.6788321677218729
0.6496504396449958,0.677273589490302,0.6496504396449958,0.6067798305529605,0.5893472116478864,0.7085208367835466,0.7182978676484433,0.6788321677218729
0.6449107694416384,0.6723323884139474,0.6402864326881004,0.6031034499564893,0.5875593945371845,0.7085208367835466,0.7182978676484433,0.6788321677218729
0.655060050691398,0.6949641963503783,0.6618395213368323,0.6151251527859284,0.6023807585769131,0.7085208367835466,0.7182978676484433,0.6788321677218729
0.6312068279667872,0.6555368932351745,0.6242914756124557,0.591081336118629,0.5758320483654737,0.7085208367835466,0.7182978676484433,0.6788321677218729
0.6483189139930102,0.6878124113451128,0.6550286179990115,0.6154289740190785,0.5969320306368234,0.7085208367835466,0.7182978676484433,0.6788321677218729
0.655060050691398,0.6949641963503783,0.6618395213368323,0.6145095833572183,0.6017521522617493,0.7085208367835466,0.7182978676484433,0.6788321677218729
0.655060050691398,0.6949641963503783,0.6618395213368323,0.616354239709466,0.6036357954276894,0.7085208367835466,0.7182978676484433,0.6788321677218729
0.655060050691398,0.6949641963503783,0.6618395213368323,0.6150237337219009,0.6022771934541546,0.7085208367835466,0.7182978676484433,0.6788321677218729
0.655060050691398,0.6949641963503783,0.6618395213368323,0.6151251527859284,0.6023807585769131,0.7085208367835466,0.7182978676484433,0.6788321677218729
0.646458018432237,0.6739454264629491,0.646458018432237,0.6040644361782461,0.5929735443561304,0.7085208367835466,0.7182978676484433,0.6788321677218729
0.655060050691398,0.6949641963503783,0.6618395213368323,0.6150237337219009,0.6022771934541546,0.7085208367835466,0.7182978676484433,0.6788321677218729
0.6566161569541191,0.684535489240424,0.6566161569541191,0.6098440726447751,0.5976434731766445,0.7085208367835466,0.7182978676484433,0.6788321677218729
0.6930643641935716,0.7327458659172292,0.7021778851281069,0.6615247977978391,0.6566763208175279,0.7085208367835466,0.7182978676484433,0.6788321677218729
0.6185892566925348,0.6402393280620272,0.6097230514188297,0.5812574678670831,0.5681077742054909,0.7085208367835466,0.7182978676484433,0.6788321677218729
0.655060050691398,0.6908825555660564,0.6618395213368323,0.614269696090083,0.6022771934541546,0.7085208367835466,0.7182978676484433,0.6788321677218729
0.655060050691398,0.6949641963503783,0.6618395213368323,0.6150237337219009,0.6022771934541546,0.7085208367835466,0.7182978676484433,0.6788321677218729
0.658981861435575,0.6853905495734646,0.6589818614355749,0.6122183571863817,0.59941216336489,0.7085208367835466,0.7182978676484433,0.6788321677218729
0.6449107694416384,0.6723323884139474,0.6402864326881004,0.6030633549880531,0.5874194393077726,0.7085208367835466,0.7182978676484433,0.6788321677218729
0.6647562709748744,0.6871742295785715,0.6544208544377925,0.6098748607607749,0.5949203188217446,0.7085208367835466,0.7182978676484433,0.6788321677218729
0.655060050691398,0.6949641963503783,0.6618395213368323,0.6173002872480734,0.6046017444155611,0.7085208367835466,0.7182978676484433,0.6788321677218729
0.6636464521843597,0.6868734851443636,0.6541344446436964,0.6115209893626031,0.5958133638998251,0.7085208367835466,0.7182978676484433,0.6788321677218729
0.6080559388251869,0.631493645806433,0.6013942221234448,0.5716397086437185,0.5585916654442897,0.7085208367835466,0.7182978676484433,0.6788321677218729
0.6424541457437436,0.6817664930952138,0.6494826254012063,0.6101495675095302,0.5860270554521048,0.7085208367835466,0.7182978676484433,0.6788321677218729
0.658981861435575,0.6853905495734646,0.6589818614355749,0.6108105891177449,0.597974247348623,0.7085208367835466,0.7182978676484433,0.6788321677218729
0.6604331360277517,0.6804952396495926,0.648060210938713,0.6081046666672566,0.5903355130153577,0.7085208367835466,0.7182978676484433,0.6788321677218729
0.6534498708188226,0.6763200325401162,0.6487357742844568,0.6057819574402148,0.5911289773621781,0.7085208367835466,0.7182978676484433,0.6788321677218729
0.6488127447159354,0.6748139056549707,0.6488127447159353,0.6044286736232982,0.5933069220629246,0.7085208367835466,0.7182978676484433,0.6788321677218729
0.6054679125075914,0.6260481753557156,0.6003591715236364,0.5696109712268768,0.5529400148097053,0.7085208367835466,0.7182978676484433,0.6788321677218729
0.6507286745476456,0.6704959838879956,0.6431492641560883,0.601726752968914,0.5830534535890493,0.7085208367835466,0.7182978676484433,0.6788321677218729
0.6504658394161583,0.6755382493246966,0.643339489898508,0.6061241287947561,0.5920378793711661,0.7085208367835466,0.7182978676484433,0.6788321677218729
0.655060050691398,0.6949641963503783,0.6618395213368323,0.6150237337219009,0.6022771934541546,0.7085208367835466,0.7182978676484433,0.6788321677218729
0.6374493116041005,0.6597594680469275,0.6283127862165068,0.5945904013352903,0.5748022297070807,0.7085208367835466,0.7182978676484433,0.6788321677218729
0.6504658394161583,0.6755382493246966,0.643339489898508,0.605302789559925,0.5891275193127675,0.7085208367835466,0.7182978676484433,0.6788321677218729
0.6339304005249635,0.6585355585433091,0.6315134807657207,0.5929862172220381,0.5763909368338119,0.7085208367835466,0.7182978676484433,0.6788321677218729
0.6492561783718844,0.6889847482213258,0.6563590725977221,0.6144313129262948,0.5958162770292477,0.7085208367835466,0.7182978676484433,0.6788321677218729
0.6312068279667872,0.6555368932351745,0.6242914756124557,0.5916272465153994,0.5773251155305845,0.7085208367835466,0.7182978676484433,0.6788321677218729
0.6680668016971322,0.688360794640267,0.6555508632304636,0.6103418655547106,0.5947441936272991,0.7085208367835466,0.7182978676484433,0.6788321677218729
0.655060050691398,0.6949641963503783,0.6618395213368323,0.6150237337219009,0.6022771934541546,0.7085208367835466,0.7182978676484433,0.6788321677218729
0.6566161569541191,0.684535489240424,0.6566161569541191,0.6092454912514779,0.5963754633819538,0.7085208367835466,0.7182978676484433,0.6788321677218729
0.6345652784103021,0.6615470068945234,0.6345652784103021,0.5933270888820416,0.5825989520797128,0.7085208367835466,0.7182978676484433,0.6788321677218729
0.658981861435575,0.6853905495734646,0.6589818614355749,0.6120033410157261,0.5991925517963291,0.7085208367835466,0.7182978676484433,0.6788321677218729
0.6320439477986274,0.6533587298866366,0.6267109668873738,0.5888521737486585,0.5753119925893401,0.7085208367835466,0.7182978676484433,0.6788321677218729
0.655060050691398,0.6949641963503783,0.6618395213368323,0.6178121151611707,0.6051243131404532,0.7085208367835466,0.7182978676484433,0.6788321677218729
0.6647562709748744,0.6831383405700264,0.6544208544377925,0.6091144492468962,0.5949203188217446,0.7085208367835466,0.7182978676484433,0.6788321677218729
0.6452301494619997,0.684535489240424,0.6519078866453463,0.6115572932121246,0.5987369602711413,0.7085208367835466,0.7182978676484433,0.6788321677218729
0.6337277384198722,0.6723323884139474,0.6402864326881004,0.5987365381295499,0.585635609235934,0.7085208367835466,0.7182978676484433,0.6788321677218729
0.6564149843550101,0.6964016682029914,0.6635961962671099,0.6155759197386954,0.6034460251995928,0.7085208367835466,0.7182978676484433,0.6788321677218729
0.6378172282868707,0.6649372297456766,0.6332437558150737,0.5981134825333484,0.5791186898688379,0.7085208367835466,0.7182978676484433,0.6788321677218729
0.6280252967166637,0.6522327288645915,0.6211448004643991,0.589878458179344,0.577058987421734,0.7085208367835466,0.7182978676484433,0.6788321677218729
0.6672689861727916,0.6940097807092825,0.6672689861727915,0.6121905045350073,0.6058437741137465,0.7085208367835466,0.7182978676484433,0.6788321677218729
0.6320439477986276,0.6533587298866367,0.6267109668873739,0.5888571547354295,0.5752947511641556,0.7085208367835466,0.7182978676484433,0.6788321677218729
0.6648940445530109,0.6931653527875995,0.6648940445530109,0.6145399180621954,0.6082177041828452,0.7085208367835466,0.7182978676484433,0.6788321677218729
0.655060050691398,0.6949641963503783,0.6618395213368323,0.6150237337219009,0.6022771934541546,0.7085208367835466,0.7182978676484433,0.6788321677218729
0.6504658394161583,0.6755382493246966,0.643339489898508,0.6064095433633794,0.5921881020983681,0.7085208367835466,0.7182978676484433,0.6788321677218729
0.6449107694416384,0.6723323884139474,0.6402864326881004,0.6031034499564893,0.5875593945371845,0.7085208367835466,0.7182978676484433,0.6788321677218729
0.655060050691398,0.6949641963503783,0.6618395213368323,0.6144376391119356,0.6016786825800253,0.7085208367835466,0.7182978676484433,0.6788321677218729
0.655060050691398,0.6949641963503783,0.6618395213368323,0.6136008802835377,0.6008241548061443,0.7085208367835466,0.7182978676484433,0.6788321677218729
0.6360970740305134,0.6575485420289068,0.6322126304194279,0.5912105930464827,0.5758802776115718,0.7085208367835466,0.7182978676484433,0.6788321677218729
0.6483189139930102,0.6878124113451128,0.6550286179990115,0.6121185598169168,0.5940456485839362,0.7085208367835466,0.7182978676484433,0.6788321677218729
0.655060050691398,0.6949641963503783,0.6618395213368323,0.6164218799968516,0.6037048607164253,0.7085208367835466,0.7182978676484433,0.6788321677218729
0.6240483030872551,0.6505828495678335,0.6240483030872551,0.5869534120542791,0.5765047232275429,0.7085208367835466,0.7182978676484433,0.6788321677218729
0.655060050691398,0.6949641963503783,0.6618395213368323,0.6150237337219009,0.6022771934541546,0.7085208367835466,0.7182978676484433,0.6788321677218729
0.6504658394161583,0.6755382493246966,0.643339489898508,0.6058102117369426,0.5905167417329518,0.7085208367835466,0.7182978676484433,0.6788321677218729
0.655060050691398,0.6949641963503783,0.6622264395632,0.6151412840749542,0.6023972311416852,0.7085208367835466,0.7182978676484433,0.6788321677218729
0.6680668016971322,0.688360794640267,0.6555508632304636,0.6113130607399831,0.5957408171645354,0.7085208367835466,0.7182978676484433,0.6788321677218729
0.658981861435575,0.6813651364154644,0.6589818614355749,0.6087067060715329,0.5966023904049209,0.7085208367835466,0.7182978676484433,0.6788321677218729
0.6635113871050379,0.6802395178718322,0.6635113871050379,0.6113672859378252,0.6049662124773636,0.7085208367835466,0.7182978676484433,0.6788321677218729
0.655060050691398,0.6949641963503783,0.6618395213368323,0.6136899907819432,0.6009151599849407,0.7085208367835466,0.7182978676484433,0.6788321677218729
0.6566161569541191,0.684535489240424,0.6566161569541191,0.6104867699769235,0.5976434731766445,0.7085208367835466,0.7182978676484433,0.6788321677218729
0.6566161569541191,0.684535489240424,0.6566161569541191,0.6104867699769235,0.5976434731766445,0.7085208367835466,0.7182978676484433,0.6788321677218729
0.6449107694416384,0.6723323884139474,0.6402864326881004,0.6031034499564893,0.5875593945371845,0.7085208367835466,0.7182978676484433,0.6788321677218729
0.627726661521568,0.666137820859557,0.634594021784056,0.5961793675076568,0.5776082621242378,0.7085208367835466,0.7182978676484433,0.6788321677218729
0.658981861435575,0.6853905495734646,0.6589818614355749,0.6094676263125717,0.5966023904049209,0.7085208367835466,0.7182978676484433,0.6788321677218729
0.6490274263554516,0.6687430565542558,0.6368681822337422,0.6002935885913454,0.582986022556147,0.7085208367835466,0.7182978676484433,0.6788321677218729
0.658981861435575,0.6853905495734646,0.6589818614355749,0.6115614039989722,0.5987411590787624,0.7085208367835466,0.7182978676484433,0.6788321677218729
0.631664263288905,0.6510206199088516,0.6201926696178525,0.587162821310736,0.5654365452584564,0.7085208367835466,0.7182978676484433,0.6788321677218729
0.6449107694416384,0.6723323884139474,0.6402864326881004,0.6031034499564893,0.5875593945371845,0.7085208367835466,0.7182978676484433,0.6788321677218729
0.63350607276841,0.6439976425109926,0.623656524254591,0.5896049642780281,0.5773469198686265,0.7085208367835466,0.7182978676484433,0.6788321677218729
0.658981861435575,0.6853905495734646,0.6589818614355749,0.6142001670324455,0.6031510745655697,0.7085208367835466,0.7182978676484433,0.6788321677218729
0.655060050691398,0.6949641963503783,0.6618395213368323,0.6150237337219009,0.6022771934541546,0.7085208367835466,0.7182978676484433,0.6788321677218729
0.638450833868195,0.6609667825162168,0.6296678489766547,0.5949842264937755,0.57433827835047,0.7085208367835466,0.7182978676484433,0.6788321677218729
0.655060050691398,0.6949641963503783,0.6618395213368323,0.6164218799968516,0.6037048607164253,0.7085208367835466,0.7182978676484433,0.6788321677218729
0.655060050691398,0.6949641963503783,0.6618395213368323,0.6150237337219009,0.6022771934541546,0.7085208367835466,0.7182978676484433,0.6788321677218729
0.6449107694416384,0.6723323884139474,0.6402864326881004,0.6030633549880531,0.5874194393077726,0.7085208367835466,0.7182978676484433,0.6788321677218729
0.655060050691398,0.6949641963503783,0.6618395213368323,0.6150237337219009,0.6022771934541546,0.7085208367835466,0.7182978676484433,0.6788321677218729
0.6280252967166637,0.6522327288645915,0.6211448004643991,0.5887436861483589,0.5739294503101058,0.7085208367835466,0.7182978676484433,0.6788321677218729
0.6492561783718844,0.6889847482213258,0.6563590725977221,0.6130286267432421,0.5943696618059908,0.7085208367835466,0.7182978676484433,0.6788321677218729
0.6433793152946761,0.6681785729070692,0.6363306040551562,0.6009118467862259,0.5823429295632404,0.7085208367835466,0.7182978676484433,0.6788321677218729
0.6483189139930102,0.6878124113451128,0.6550286179990115,0.6127500961323782,0.5940456485839362,0.7085208367835466,0.7182978676484433,0.6788321677218729
0.663992799254666,0.7046231161980736,0.6712569128309906,0.618126321174306,0.612427727885796,0.7085208367835466,0.7182978676484433,0.6788321677218729
0.6506190632778472,0.6784586573117836,0.6506190632778472,0.6074492365799217,0.5896738065668146,0.7085208367835466,0.7182978676484433,0.6788321677218729
0.655060050691398,0.6949641963503783,0.6618395213368323,0.6168978053725098,0.6041908034612944,0.7085208367835466,0.7182978676484433,0.6788321677218729
0.658981861435575,0.6853905495734646,0.6589818614355749,0.6131989205587974,0.6004282427798588,0.7085208367835466,0.7182978676484433,0.6788321677218729
0.6424541457437436,0.6817664930952138,0.6494826254012063,0.6093147230448488,0.5845336234686324,0.7085208367835466,0.7182978676484433,0.6788321677218729
0.655060050691398,0.6949641963503783,0.6618395213368323,0.6164218799968516,0.6037048607164253,0.7085208367835466,0.7182978676484433,0.6788321677218729
0.6449107694416384,0.6723323884139474,0.6402864326881004,0.6040814010856947,0.5902022887947405,0.7085208367835466,0.7182978676484433,0.6788321677218729
0.6449107694416384,0.6723323884139474,0.6402864326881004,0.6028667748791473,0.586881106079666,0.7085208367835466,0.7182978676484433,0.6788321677218729
0.658981861435575,0.6853905495734646,0.6589818614355749,0.6089487848084719,0.5960723506702018,0.7085208367835466,0.7182978676484433,0.6788321677218729
0.638803794970845,0.666137820859557,0.634594021784056,0.598752193335312,0.5793091357790007,0.7085208367835466,0.7182978676484433,0.6788321677218729
0.6343132698745659,0.6612842829507461,0.6297649225587388,0.5926050614207832,0.5824024258851137,0.7085208367835466,0.7182978676484433,0.6788321677218729
0.6490274263554516,0.6687430565542558,0.6368681822337422,0.6002935885913454,0.582986022556147,0.7085208367835466,0.7182978676484433,0.6788321677218729
0.6496504396449958,0.677273589490302,0.6496504396449958,0.6073306642482084,0.5908582998186458,0.7085208367835466,0.7182978676484433,0.6788321677218729
0.647655983835181,0.6655651903946253,0.6437009536184106,0.5964501112649315,0.5819489348288108,0.7085208367835466,0.7182978676484433,0.6788321677218729
0.655060050691398,0.6949641963503783,0.6618395213368323,0.6176502846222609,0.6049590885404942,0.7085208367835466,0.7182978676484433,0.6788321677218729
0.608553688165296,0.6344294033057178,0.608553688165296,0.5743123302100209,0.5610167171229316,0.7085208367835466,0.7182978676484433,0.6788321677218729
0.6506190632778472,0.6784586573117836,0.6506190632778472,0.6072540762689596,0.589137533304093,0.7085208367835466,0.7182978676484433,0.6788321677218729
0.6483189139930102,0.6878124113451128,0.6550286179990115,0.6106312315026874,0.5925129553146173,0.7085208367835466,0.7182978676484433,0.6788321677218729
0.655060050691398,0.6949641963503783,0.6618395213368323,0.6150237337219009,0.6022771934541546,0.7085208367835466,0.7182978676484433,0.6788321677218729
0.615255441964013,0.6339451741370893,0.6080892086740386,0.5756301428619469,0.5628625794540533,0.7085208367835466,0.7182978676484433,0.6788321677218729
0.655062629909803,0.6853525492340871,0.6618421272485694,0.6144209843641063,0.6028638175961211,0.7085208367835466,0.7182978676484433,0.6788321677218729
0.6429533737158135,0.6648077926813994,0.6333269747793175,0.5958202533588877,0.5713165190078366,0.7085208367835466,0.7182978676484433,0.6788321677218729
0.6391700909877899,0.6638071027283413,0.6382300433851998,0.5964972603149458,0.5896072286501124,0.7085208367835466,0.7182978676484433,0.6788321677218729
0.6630738175018894,0.7034661359898269,0.6699362257296014,0.6214847018987326,0.6152338575563913,0.7085208367835466,0.7182978676484433,0.6788321677218729
0.6229189656827387,0.643926020743166,0.6135925250512569,0.5821701633417198,0.5663320477046738,0.7085208367835466,0.7182978676484433,0.6788321677218729
0.6441853877158382,0.665909622575243,0.6387499612902512,0.5949984376375039,0.5796602287116671,0.7085208367835466,0.7182978676484433,0.6788321677218729
0.655060050691398,0.6949641963503783,0.6618395213368323,0.6136008802835377,0.6008241548061443,0.7085208367835466,0.7182978676484433,0.6788321677218729
0.6566161569541191,0.684535489240424,0.6566161569541191,0.6104867699769235,0.5976434731766445,0.7085208367835466,0.7182978676484433,0.6788321677218729
0.6504658394161583,0.6755382493246966,0.6437155928152407,0.6058468907451097,0.590650379030686,0.7085208367835466,0.7182978676484433,0.6788321677218729
0.655060050691398,0.6949641963503783,0.6618395213368323,0.6143857824399395,0.6022771934541546,0.7085208367835466,0.7182978676484433,0.6788321677218729
0.638803794970845,0.666137820859557,0.634594021784056,0.598752193335312,0.5793091357790007,0.7085208367835466,0.7182978676484433,0.6788321677218729
0.6716837489261684,0.6828075837238727,0.6612406261916361,0.6118210693827767,0.6033576469764321,0.7085208367835466,0.7182978676484433,0.6788321677218729
0.6385029103517713,0.65789883531606,0.6310659004534078,0.5925558205272603,0.5783515396608065,0.7085208367835466,0.7182978676484433,0.6788321677218729
0.655062629909803,0.6887891426540765,0.6618421272485694,0.6150501565440493,0.6028638175961211,0.7085208367835466,0.7182978676484433,0.6788321677218729
0.6337277384198722,0.6723323884139474,0.6402864326881004,0.5982083893493908,0.5850956347485237,0.7085208367835466,0.7182978676484433,0.6788321677218729
0.655060050691398,0.6908825555660564,0.6618395213368323,0.6156695547387643,0.6037048607164253,0.7085208367835466,0.7182978676484433,0.6788321677218729
0.6630738175018894,0.7034661359898269,0.6699362257296014,0.6202366805220586,0.6139731302382733,0.7085208367835466,0.7182978676484433,0.6788321677218729
0.6379852815716843,0.6573654824275703,0.6260329071886038,0.5925851046425095,0.576592034743593,0.7085208367835466,0.7182978676484433,0.6788321677218729
0.655060050691398,0.6949641963503783,0.6618395213368323,0.6175492802564633,0.6048559648867334,0.7085208367835466,0.7182978676484433,0.6788321677218729
0.655060050691398,0.6949641963503783,0.6618395213368323,0.6150237337219009,0.6022771934541546,0.7085208367835466,0.7182978676484433,0.6788321677218729
0.6588846750121216,0.684281591580693,0.6516660907277042,0.6095790547979949,0.5984843359747501,0.7085208367835466,0.7182978676484433,0.6788321677218729
0.6812789046199654,0.6968080264418148,0.6812789046199654,0.6414213916207415,0.6366281956053728,0.7085208367835466,0.7182978676484433,0.6788321677218729
0.6121263823594127,0.6337139588181964,0.6037055353923839,0.5731099885881816,0.5552031296075339,0.7085208367835466,0.7182978676484433,0.6788321677218729
0.6375922338526839,0.659094123986923,0.6276791550215328,0.5944170507529142,0.5793213087604487,0.7085208367835466,0.7182978676484433,0.6788321677218729
0.655060050691398,0.6949641963503783,0.6618395213368323,0.6164218799968516,0.6037048607164253,0.7085208367835466,0.7182978676484433,0.6788321677218729
0.6424541457437436,0.6817664930952138,0.6494826254012063,0.6101495675095302,0.5860270554521048,0.7085208367835466,0.7182978676484433,0.6788321677218729
0.6566161569541191,0.684535489240424,0.6566161569541191,0.6142295177311705,0.6045246059764713,0.7085208367835466,0.7182978676484433,0.6788321677218729
0.6566542549770271,0.6796365672812316,0.6472424662084872,0.6082512793093179,0.5874912590397593,0.7085208367835466,0.7182978676484433,0.6788321677218729
0.6716837489261684,0.6828075837238727,0.6612406261916361,0.614633969566794,0.6062081257413702,0.7085208367835466,0.7182978676484433,0.6788321677218729
0.655060050691398,0.6949641963503783,0.6618395213368323,0.6150237337219009,0.6022771934541546,0.7085208367835466,0.7182978676484433,0.6788321677218729
0.6449107694416384,0.6723323884139474,0.6402864326881004,0.6023694945772655,0.5855481817663155,0.7085208367835466,0.7182978676484433,0.6788321677218729
0.6636464521843597,0.6868734851443636,0.6541344446436964,0.6143252697307094,0.5986912235871822,0.7085208367835466,0.7182978676484433,0.6788321677218729
0.6630738175018894,0.7034661359898269,0.6699362257296014,0.6177221214761329,0.6114328124581928,0.7085208367835466,0.7182978676484433,0.6788321677218729
0.655060050691398,0.6949641963503783,0.6618395213368323,0.6150237337219009,0.6022771934541546,0.7085208367835466,0.7182978676484433,0.6788321677218729
0.6492561783718844,0.6889847482213258,0.6563590725977221,0.6150777559750729,0.5972593884323782,0.7085208367835466,0.7182978676484433,0.6788321677218729
0.655060050691398,0.6949641963503783,0.6618395213368323,0.6143857824399395,0.6022771934541546,0.7085208367835466,0.7182978676484433,0.6788321677218729
0.655060050691398,0.6949641963503783,0.6622264395632,0.6145034548287686,0.6023972311416852,0.7085208367835466,0.7182978676484433,0.6788321677218729
0.655060050691398,0.6949641963503783,0.6618395213368323,0.6150237337219009,0.6022771934541546,0.7085208367835466,0.7182978676484433,0.6788321677218729
0.6347864094350817,0.6594247922908559,0.6338528090511463,0.5936063268819813,0.5765796509322098,0.7085208367835466,0.7182978676484433,0.6788321677218729
0.637774313462096,0.6766254677571656,0.6447515955263767,0.5980478344585285,0.5849314806148843,0.7085208367835466,0.7182978676484433,0.6788321677218729
0.655060050691398,0.6949641963503783,0.6618395213368323,0.6150237337219009,0.6022771934541546,0.7085208367835466,0.7182978676484433,0.6788321677218729
0.631077436913626,0.6502477968518271,0.6251931892414705,0.5870712703605203,0.5719630492751674,0.7085208367835466,0.7182978676484433,0.6788321677218729
0.644364860954457,0.6693750185555505,0.6376779276078686,0.6020212223344716,0.5838660199845324,0.7085208367835466,0.7182978676484433,0.6788321677218729
0.6360970740305134,0.6575485420289068,0.6322126304194279,0.5912497660465097,0.5759892964132345,0.7085208367835466,0.7182978676484433,0.6788321677218729
0.6483189139930102,0.6878124113451128,0.6550286179990115,0.6141534184614328,0.5954930509243032,0.7085208367835466,0.7182978676484433,0.6788321677218729
0.655060050691398,0.6949641963503783,0.6618395213368323,0.6150237337219009,0.6022771934541546,0.7085208367835466,0.7182978676484433,0.6788321677218729
0.655060050691398,0.6949641963503783,0.6618395213368323,0.6176822298424329,0.6049917038909752,0.7085208367835466,0.7182978676484433,0.6788321677218729
0.655060050691398,0.6949641963503783,0.6618395213368323,0.6135434480583913,0.6007655011476319,0.7085208367835466,0.7182978676484433,0.6788321677218729
0.6409785642422013,0.6656852841518767,0.6400358568609841,0.5982264734213362,0.5847987428090908,0.7085208367835466,0.7182978676484433,0.6788321677218729
0.655060050691398,0.6949641963503783,0.6618395213368323,0.6168978053725098,0.6041908034612944,0.7085208367835466,0.7182978676484433,0.6788321677218729
0.644364860954457,0.6693750185555505,0.6376779276078686,0.6007828461158078,0.5804206495708019,0.7085208367835466,0.7182978676484433,0.6788321677218729
0.655060050691398,0.6949641963503783,0.6618395213368323,0.6176822298424329,0.6049917038909752,0.7085208367835466,0.7182978676484433,0.6788321677218729
0.655060050691398,0.6949641963503783,0.6618395213368323,0.6150237337219009,0.6022771934541546,0.7085208367835466,0.7182978676484433,0.6788321677218729
0.6506190632778472,0.6784586573117836,0.6506190632778472,0.6079804502886085,0.5911319135765065,0.7085208367835466,0.7182978676484433,0.6788321677218729
0.6630738175018894,0.7034661359898269,0.6699362257296014,0.6177221214761329,0.6114328124581928,0.7085208367835466,0.7182978676484433,0.6788321677218729
0.6449107694416384,0.6723323884139474,0.6402864326881004,0.6031021433681056,0.5875256234627917,0.7085208367835466,0.7182978676484433,0.6788321677218729
0.6383852206967308,0.677273589490302,0.64499211705627,0.6039348973962273,0.5849486409799263,0.7085208367835466,0.7182978676484433,0.6788321677218729
0.6312068279667872,0.6555368932351745,0.6242914756124557,0.58845057380491,0.5735680326677925,0.7085208367835466,0.7182978676484433,0.6788321677218729
0.655060050691398,0.6949641963503783,0.6622264395632,0.6151412840749542,0.6023972311416852,0.7085208367835466,0.7182978676484433,0.6788321677218729
0.6573407051132433,0.6975639744296181,0.6645320444555431,0.6158377498772387,0.603749262457768,0.7085208367835466,0.7182978676484433,0.6788321677218729
0.6519298150772529,0.6683659568064346,0.6472551482125652,0.6065829036612588,0.5949470242703251,0.7085208367835466,0.7182978676484433,0.6788321677218729
0.6647562709748744,0.6871742295785715,0.6544208544377925,0.6098748607607749,0.5949203188217446,0.7085208367835466,0.7182978676484433,0.6788321677218729
0.655060050691398,0.6949641963503783,0.6618395213368323,0.6150237337219009,0.6022771934541546,0.7085208367835466,0.7182978676484433,0.6788321677218729
0.655060050691398,0.6949641963503783,0.6618395213368323,0.6175492802564633,0.6048559648867334,0.7085208367835466,0.7182978676484433,0.6788321677218729
0.6630738175018894,0.7034661359898269,0.6699362257296014,0.6171385895219935,0.6108432724248973,0.7085208367835466,0.7182978676484433,0.6788321677218729
0.6630738175018894,0.7034661359898269,0.6699362257296014,0.6245265144294383,0.6183064224273793,0.7085208367835466,0.7182978676484433,0.6788321677218729
0.6647452349462655,0.6794682582732167,0.6579684773616638,0.6216012186608714,0.612857017471642,0.7085208367835466,0.7182978676484433,0.6788321677218729
0.6369076757187141,0.662431741197606,0.636907675718714,0.5954185113606554,0.581599683767547,0.7085208367835466,0.7182978676484433,0.6788321677218729
0.6641410145521197,0.6751399332248857,0.6538151638238672,0.6072386304997484,0.5966183024687295,0.7085208367835466,0.7182978676484433,0.6788321677218729
0.6763962742320987,0.6969432931546945,0.6637242867514056,0.6145423090027233,0.6055175906897804,0.7085208367835466,0.7182978676484433,0.6788321677218729
0.6426060962796589,0.6642770717843417,0.632615063529297,0.5963961781519851,0.5800158705594667,0.7085208367835466,0.7182978676484433,0.6788321677218729
0.6566161569541191,0.684535489240424,0.6566161569541191,0.6098440726447751,0.5976434731766445,0.7085208367835466,0.7182978676484433,0.6788321677218729
0.655060050691398,0.6949641963503783,0.6618395213368323,0.6150237337219009,0.6022771934541546,0.7085208367835466,0.7182978676484433,0.6788321677218729
0.630488063721176,0.6547904239961548,0.6295607850497871,0.5909113609729819,0.5813646667892616,0.7085208367835466,0.7182978676484433,0.6788321677218729
0.655060050691398,0.6949641963503783,0.6618395213368323,0.6164218799968516,0.6037048607164253,0.7085208367835466,0.7182978676484433,0.6788321677218729
0.6504658394161583,0.6755382493246966,0.643339489898508,0.6058102117369426,0.5905167417329518,0.7085208367835466,0.7182978676484433,0.6788321677218729
0.6449107694416384,0.6723323884139474,0.6402864326881004,0.6031034499564893,0.5875593945371845,0.7085208367835466,0.7182978676484433,0.6788321677218729
0.655060050691398,0.6949641963503783,0.6618395213368323,0.6145095833572183,0.6017521522617493,0.7085208367835466,0.7182978676484433,0.6788321677218729
0.6449107694416384,0.6723323884139474,0.6402864326881004,0.6031034499564893,0.5875593945371845,0.7085208367835466,0.7182978676484433,0.6788321677218729
0.6337859693300828,0.6582154484117009,0.6328538403249486,0.594247980932083,0.5792357665697992,0.7085208367835466,0.7182978676484433,0.6788321677218729
0.6206826148827856,0.644607021055157,0.6142414454047362,0.5836641518909241,0.5654114348312306,0.7085208367835466,0.7182978676484433,0.6788321677218729
0.6490274263554516,0.6687430565542558,0.6368681822337422,0.5997473094730729,0.5814847803161667,0.7085208367835466,0.7182978676484433,0.6788321677218729
0.6367495220192766,0.6755382493246966,0.643339489898508,0.6005879870220788,0.5875283438856531,0.7085208367835466,0.7182978676484433,0.6788321677218729
0.655060050691398,0.6949641963503783,0.6618395213368323,0.6176822298424329,0.6049917038909752,0.7085208367835466,0.7182978676484433,0.6788321677218729
0.6504658394161583,0.6755382493246966,0.643339489898508,0.6051069369729327,0.5885907483202989,0.7085208367835466,0.7182978676484433,0.6788321677218729
0.6173147106565156,0.6411092999035746,0.6149611397903424,0.580807347498093,0.56906494990369,0.7085208367835466,0.7182978676484433,0.6788321677218729
0.6457447968291278,0.667521620540228,0.6357049645728713,0.5989091515320847,0.5817572514890798,0.7085208367835466,0.7182978676484433,0.6788321677218729
0.6452301494619997,0.684535489240424,0.6519078866453463,0.606241596250192,0.59330641134052,0.7085208367835466,0.7182978676484433,0.6788321677218729
0.658981861435575,0.6853905495734646,0.6589818614355749,0.610878489243733,0.5980436048771788,0.7085208367835466,0.7182978676484433,0.6788321677218729
0.6492561783718844,0.6889847482213258,0.6563590725977221,0.6116011318254814,0.5928972441484887,0.7085208367835466,0.7182978676484433,0.6788321677218729
0.6449107694416384,0.6723323884139474,0.6402864326881004,0.6045112826733592,0.5913748498286349,0.7085208367835466,0.7182978676484433,0.6788321677218729
0.6426060962796589,0.6642770717843417,0.632615063529297,0.5973851095420197,0.5826929806428969,0.7085208367835466,0.7182978676484433,0.6788321677218729
0.644364860954457,0.6693750185555505,0.6376779276078686,0.6005394752689792,0.5797825631503966,0.7085208367835466,0.7182978676484433,0.6788321677218729
0.6279081939631276,0.6490835036424847,0.6181456794671928,0.584114889158039,0.5630795075559506,0.7085208367835466,0.7182978676484433,0.6788321677218729
0.6483189139930102,0.6878124113451128,0.6550286179990115,0.6127500961323782,0.5940456485839362,0.7085208367835466,0.7182978676484433,0.6788321677218729
0.655060050691398,0.6949641963503783,0.6618395213368323,0.6164218799968516,0.6037048607164253,0.7085208367835466,0.7182978676484433,0.6788321677218729
0.6647562709748744,0.6871742295785715,0.6544208544377925,0.6099761201668346,0.5950258491759813,0.7085208367835466,0.7182978676484433,0.6788321677218729
0.6680668016971322,0.688360794640267,0.6555508632304636,0.6118298973036966,0.596271151607416,0.7085208367835466,0.7182978676484433,0.6788321677218729
0.6566161569541191,0.684535489240424,0.6566161569541191,0.6104867699769235,0.5976434731766445,0.7085208367835466,0.7182978676484433,0.6788321677218729
0.6415135548031353,0.66396595612715,0.6326884369386679,0.5986867972042414,0.5852372541809763,0.7085208367835466,0.7182978676484433,0.6788321677218729
0.6506190632778472,0.6784586573117836,0.6506190632778472,0.6074492365799217,0.5896738065668146,0.7085208367835466,0.7182978676484433,0.6788321677218729
0.6971177840964463,0.7217502030301184,0.6971177840964463,0.6530122237099278,0.6481000667609577,0.7085208367835466,0.7182978676484433,0.6788321677218729
0.6566161569541191,0.684535489240424,0.6566161569541191,0.6104867699769235,0.5976434731766445,0.7085208367835466,0.7182978676484433,0.6788321677218729
0.655060050691398,0.6949641963503783,0.6618395213368323,0.6164218799968516,0.6037048607164253,0.7085208367835466,0.7182978676484433,0.6788321677218729
0.6636464521843597,0.6868734851443636,0.6541344446436964,0.6115209893626031,0.5958133638998251,0.7085208367835466,0.7182978676484433,0.6788321677218729
0.6483189139930102,0.6878124113451128,0.6550286179990115,0.6127500961323782,0.5940456485839362,0.7085208367835466,0.7182978676484433,0.6788321677218729
0.6545516456121035,0.6766254677571656,0.6490287520797203,0.6053683675069392,0.590335213639867,0.7085208367835466,0.7182978676484433,0.6788321677218729
0.6283577647258698,0.6552448113333089,0.6283577647258698,0.5909502821321437,0.5744901897096607,0.7085208367835466,0.7182978676484433,0.6788321677218729
0.6263802929484171,0.6514824737218888,0.626380292948417,0.5879064038249973,0.5777376112370499,0.7085208367835466,0.7182978676484433,0.6788321677218729
0.6483189139930102,0.6837727741884763,0.6550286179990115,0.6105633415519789,0.592572425822375,0.7085208367835466,0.7182978676484433,0.6788321677218729
0.6549602762966991,0.6750305025493109,0.6430656059836508,0.6051804856296304,0.5798527211336384,0.7085208367835466,0.7182978676484433,0.6788321677218729
0.6492561783718844,0.6889847482213258,0.6563590725977221,0.6144313129262948,0.5958162770292477,0.7085208367835466,0.7182978676484433,0.6788321677218729
0.6504658394161583,0.6755382493246966,0.643339489898508,0.6058530957694326,0.5906673513268376,0.7085208367835466,0.7182978676484433,0.6788321677218729
0.6426060962796589,0.6603756616073518,0.632615063529297,0.5929801362270076,0.5783901930577809,0.7085208367835466,0.7182978676484433,0.6788321677218729
0.6504658394161583,0.6755382493246966,0.643339489898508,0.605302789559925,0.5891275193127675,0.7085208367835466,0.7182978676484433,0.6788321677218729
0.6452301494619997,0.684535489240424,0.6519078866453463,0.606241596250192,0.59330641134052,0.7085208367835466,0.7182978676484433,0.6788321677218729
0.6495203819253523,0.6745563488782054,0.6485651118235884,0.6037187996404374,0.5929232602500516,0.7085208367835466,0.7182978676484433,0.6788321677218729
0.6672689861727916,0.6940097807092825,0.6672689861727915,0.6121905045350073,0.6058437741137465,0.7085208367835466,0.7182978676484433,0.6788321677218729
0.655060050691398,0.6949641963503783,0.6618395213368323,0.6150237337219009,0.6022771934541546,0.7085208367835466,0.7182978676484433,0.6788321677218729
0.6504658394161583,0.6755382493246966,0.643339489898508,0.6053457095393283,0.5892784839684675,0.7085208367835466,0.7182978676484433,0.6788321677218729
0.658981861435575,0.6853905495734646,0.6589818614355749,0.6108105891177449,0.597974247348623,0.7085208367835466,0.7182978676484433,0.6788321677218729
0.658981861435575,0.6853905495734646,0.6589818614355749,0.6122183571863817,0.59941216336489,0.7085208367835466,0.7182978676484433,0.6788321677218729
0.6504658394161583,0.6755382493246966,0.643339489898508,0.605302789559925,0.5891275193127675,0.7085208367835466,0.7182978676484433,0.6788321677218729
0.658981861435575,0.6853905495734646,0.6589818614355749,0.6094676263125717,0.5966023904049209,0.7085208367835466,0.7182978676484433,0.6788321677218729
0.6617350715166064,0.690390080568054,0.6685836245426474,0.6173153228260647,0.6109765688797506,0.7085208367835466,0.7182978676484433,0.6788321677218729
0.6446498489738399,0.6672120177920308,0.6354101186862091,0.5998609037048552,0.5839937687645759,0.7085208367835466,0.7182978676484433,0.6788321677218729
0.6480940602689541,0.6619002810821915,0.647140887903415,0.6032014012322532,0.5936843999245843,0.7085208367835466,0.7182978676484433,0.6788321677218729
0.6504658394161583,0.6755382493246966,0.643339489898508,0.6063666986844978,0.5920378793711661,0.7085208367835466,0.7182978676484433,0.6788321677218729
0.6080458862884608,0.6287137762047248,0.6043327424073325,0.5707870458290838,0.5577563400046011,0.7085208367835466,0.7182978676484433,0.6788321677218729
0.6457447968291278,0.667521620540228,0.6357049645728713,0.5989478210233009,0.5818651691764684,0.7085208367835466,0.7182978676484433,0.6788321677218729
0.6504658394161583,0.6755382493246966,0.643339489898508,0.605302789559925,0.5891275193127675,0.7085208367835466,0.7182978676484433,0.6788321677218729
0.655060050691398,0.6949641963503783,0.6618395213368323,0.6163545905536149,0.603636153664026,0.7085208367835466,0.7182978676484433,0.6788321677218729
0.6173147106565156,0.6411092999035746,0.6149611397903424,0.5806448779172014,0.5686538460590663,0.7085208367835466,0.7182978676484433,0.6788321677218729
0.6492561783718844,0.6889847482213258,0.6563590725977221,0.6130286267432421,0.5943696618059908,0.7085208367835466,0.7182978676484433,0.6788321677218729
0.6452301494619997,0.684535489240424,0.6519078866453463,0.6086622604199623,0.5957796337349265,0.7085208367835466,0.7182978676484433,0.6788321677218729
0.658981861435575,0.6853905495734646,0.6589818614355749,0.6079738128712721,0.5950762823798459,0.7085208367835466,0.7182978676484433,0.6788321677218729
0.6449107694416384,0.6723323884139474,0.640660750756025,0.6033996823410502,0.5890058956465878,0.7085208367835466,0.7182978676484433,0.6788321677218729
0.655060050691398,0.6908825555660564,0.6618395213368323,0.614269696090083,0.6022771934541546,0.7085208367835466,0.7182978676484433,0.6788321677218729
0.6438901992045758,0.6687091489976008,0.6368358908420646,0.5990692856280544,0.5822554482358332,0.7085208367835466,0.7182978676484433,0.6788321677218729
0.6647562709748744,0.6831383405700264,0.6544208544377925,0.608595306651295,0.5943887791198623,0.7085208367835466,0.7182978676484433,0.6788321677218729
0.6367495220192766,0.6755382493246966,0.643339489898508,0.603643615252874,0.5906515376678075,0.7085208367835466,0.7182978676484433,0.6788321677218729
0.6449107694416384,0.6723323884139474,0.6402864326881004,0.6030633549880531,0.5874194393077726,0.7085208367835466,0.7182978676484433,0.6788321677218729
0.658981861435575,0.6853905495734646,0.6589818614355749,0.6108105891177449,0.597974247348623,0.7085208367835466,0.7182978676484433,0.6788321677218729
0.6376902762795502,0.6648048797364347,0.6376902762795502,0.5952114444776754,0.5827773658479258,0.7085208367835466,0.7182978676484433,0.6788321677218729
0.7009932451994992,0.6954859424554193,0.6954859424554193,0.6553018935577553,0.6530972987900453,0.7085208367835466,0.7182978676484433,0.6788321677218729
0.6610585764608417,0.6771392321198405,0.6486739340196533,0.6110214515505021,0.5930813568350766,0.7085208367835466,0.7182978676484433,0.6788321677218729
0.655060050691398,0.6949641963503783,0.6618395213368323,0.6150237337219009,0.6022771934541546,0.7085208367835466,0.7182978676484433,0.6788321677218729
0.6446498489738399,0.6672120177920308,0.6354101186862091,0.5990970147860688,0.581898960451425,0.7085208367835466,0.7182978676484433,0.6788321677218729
0.652008572679345,0.6741549897897252,0.6520085726793449,0.6075982017252216,0.59105380596989,0.7085208367835466,0.7182978676484433,0.6788321677218729
0.658981861435575,0.6853905495734646,0.6589818614355749,0.6108105891177449,0.597974247348623,0.7085208367835466,0.7182978676484433,0.6788321677218729
0.6483189139930102,0.6878124113451128,0.6550286179990115,0.6127500961323782,0.5940456485839362,0.7085208367835466,0.7182978676484433,0.6788321677218729
0.6458843115206361,0.6655044627192638,0.6337839522765562,0.5980353965981406,0.5812598955380278,0.7085208367835466,0.7182978676484433,0.6788321677218729
0.6419429402954115,0.661443363706896,0.6344658623937128,0.5957599599638256,0.5814550022887505,0.7085208367835466,0.7182978676484433,0.6788321677218729
0.655060050691398,0.6949641963503783,0.6618395213368323,0.6149789520457999,0.6022314639514742,0.7085208367835466,0.7182978676484433,0.6788321677218729
0.6329286073688961,0.657325039164664,0.6305155070410475,0.5920568266310616,0.5759023807328294,0.7085208367835466,0.7182978676484433,0.6788321677218729
0.6566161569541191,0.684535489240424,0.6566161569541191,0.6125998889695159,0.6000988212504665,0.7085208367835466,0.7182978676484433,0.6788321677218729
0.6449107694416384,0.6723323884139474,0.6402864326881004,0.6025195871054821,0.5859295562780245,0.7085208367835466,0.7182978676484433,0.6788321677218729
0.6566161569541191,0.684535489240424,0.6566161569541191,0.6104867699769235,0.5976434731766445,0.7085208367835466,0.7182978676484433,0.6788321677218729
0.6630738175018894,0.7034661359898269,0.6699362257296014,0.6177221214761329,0.6114328124581928,0.7085208367835466,0.7182978676484433,0.6788321677218729
0.6566542549770271,0.6796365672812316,0.6472424662084872,0.6082512793093179,0.5874912590397593,0.7085208367835466,0.7182978676484433,0.6788321677218729
0.6401308357861316,0.6648048797364347,0.6376902762795502,0.5975864071222168,0.5843895424177648,0.7085208367835466,0.7182978676484433,0.6788321677218729
0.6401308357861316,0.6648048797364347,0.6376902762795502,0.5985084308642393,0.5869003420707823,0.7085208367835466,0.7182978676484433,0.6788321677218729
0.655060050691398,0.6908825555660564,0.6618395213368323,0.614269696090083,0.6022771934541546,0.7085208367835466,0.7182978676484433,0.6788321677218729
0.655060050691398,0.6949641963503783,0.6618395213368323,0.6143857824399395,0.6022771934541546,0.7085208367835466,0.7182978676484433,0.6788321677218729
0.5936222848424946,0.6165036421014295,0.591359043596177,0.5636179185112202,0.5523354767763838,0.7085208367835466,0.7182978676484433,0.6788321677218729
0.6566161569541191,0.684535489240424,0.6566161569541191,0.6099687953604603,0.5971143575792468,0.7085208367835466,0.7182978676484433,0.6788321677218729
0.6492561783718844,0.6889847482213258,0.6563590725977221,0.6154225958171037,0.5968384782425852,0.7085208367835466,0.7182978676484433,0.6788321677218729
0.6443675971620861,0.6693778609654079,0.6376806354203459,0.6010194146984604,0.5816491003547809,0.7085208367835466,0.7182978676484433,0.6788321677218729
0.6492561783718844,0.6889847482213258,0.6563590725977221,0.6130286267432421,0.5943696618059908,0.7085208367835466,0.7182978676484433,0.6788321677218729
0.6545516456121035,0.6726515333884427,0.6490287520797203,0.6045331385101886,0.5902288446209619,0.7085208367835466,0.7182978676484433,0.6788321677218729
0.6492561783718844,0.6889847482213258,0.6563590725977221,0.6130286267432421,0.5943696618059908,0.7085208367835466,0.7182978676484433,0.6788321677218729
0.6566161569541191,0.684535489240424,0.6566161569541191,0.612751909300688,0.6005125624242462,0.7085208367835466,0.7182978676484433,0.6788321677218729
0.662413921600234,0.6733842376803248,0.6583687693259906,0.6080768561422083,0.599558869624345,0.7085208367835466,0.7182978676484433,0.6788321677218729
0.6484321514772907,0.6704727977954554,0.638723723419287,0.5983206720140247,0.5777043732308714,0.7085208367835466,0.7182978676484433,0.6788321677218729
0.655060050691398,0.6949641963503783,0.6618395213368323,0.6150237337219009,0.6022771934541546,0.7085208367835466,0.7182978676484433,0.6788321677218729
0.6263802929484171,0.6514824737218888,0.626380292948417,0.5880950571080192,0.5782187161355349,0.7085208367835466,0.7182978676484433,0.6788321677218729
0.655060050691398,0.6949641963503783,0.6618395213368323,0.6163545905536149,0.603636153664026,0.7085208367835466,0.7182978676484433,0.6788321677218729
0.655060050691398,0.6949641963503783,0.6618395213368323,0.6144376391119356,0.6016786825800253,0.7085208367835466,0.7182978676484433,0.6788321677218729
0.6545516456121035,0.6766254677571656,0.6490287520797203,0.6052089594201285,0.5901361915027635,0.7085208367835466,0.7182978676484433,0.6788321677218729
0.6615859849971161,0.6725425895202267,0.6560037380007938,0.6077292038433194,0.5992079892894344,0.7085208367835466,0.7182978676484433,0.6788321677218729
0.6680668016971322,0.688360794640267,0.6555508632304636,0.6118298973036966,0.596271151607416,0.7085208367835466,0.7182978676484433,0.6788321677218729
0.658981861435575,0.6853905495734646,0.6589818614355749,0.6122183571863817,0.59941216336489,0.7085208367835466,0.7182978676484433,0.6788321677218729
0.6504658394161583,0.6755382493246966,0.643339489898508,0.6047949416565044,0.5877350132128669,0.7085208367835466,0.7182978676484433,0.6788321677218729
0.658981861435575,0.6853905495734646,0.6589818614355749,0.6133507924187023,0.6008417571131721,0.7085208367835466,0.7182978676484433,0.6788321677218729
0.655062629909803,0.6887891426540765,0.6618421272485694,0.6151726706876023,0.602988807742421,0.7085208367835466,0.7182978676484433,0.6788321677218729
0.6496504396449958,0.677273589490302,0.6496504396449958,0.6067798305529605,0.5893472116478864,0.7085208367835466,0.7182978676484433,0.6788321677218729
0.6409785642422013,0.6656852841518767,0.6400358568609841,0.5976957502870601,0.5833835459188225,0.7085208367835466,0.7182978676484433,0.6788321677218729
0.6452301494619997,0.684535489240424,0.6519078866453463,0.6047398140011395,0.5917718034444683,0.7085208367835466,0.7182978676484433,0.6788321677218729
0.6658847681316502,0.6810716544624675,0.6658847681316501,0.6159149349802127,0.609561618752283,0.7085208367835466,0.7182978676484433,0.6788321677218729
0.6636464521843597,0.6868734851443636,0.654516858402573,0.6116392129051018,0.5959347035823481,0.7085208367835466,0.7182978676484433,0.6788321677218729
0.6452301494619997,0.684535489240424,0.6519078866453463,0.6047398140011395,0.5917718034444683,0.7085208367835466,0.7182978676484433,0.6788321677218729
0.655060050691398,0.6949641963503783,0.6618395213368323,0.6150237337219009,0.6022771934541546,0.7085208367835466,0.7182978676484433,0.6788321677218729
0.6483189139930102,0.6878124113451128,0.6554115545008756,0.612868082577641,0.5941673492658993,0.7085208367835466,0.7182978676484433,0.6788321677218729
0.6620330607636215,0.682320021358184,0.6500099422950532,0.6111189594149201,0.5910616781533725,0.7085208367835466,0.7182978676484433,0.6788321677218729
0.6426060962796589,0.6642770717843417,0.632615063529297,0.5964034640948971,0.5793287500765393,0.7085208367835466,0.7182978676484433,0.6788321677218729
0.6504658394161583,0.6755382493246966,0.643339489898508,0.6072753914920892,0.5945163789550832,0.7085208367835466,0.7182978676484433,0.6788321677218729
0.6401308357861316,0.6648048797364347,0.6376902762795502,0.5976317773945745,0.5845132535874614,0.7085208367835466,0.7182978676484433,0.6788321677218729
0.6545516456121035,0.6766254677571656,0.6490287520797203,0.6052993053552959,0.5902288446209619,0.7085208367835466,0.7182978676484433,0.6788321677218729
0.630488063721176,0.6547904239961548,0.6280842681973889,0.5888719532597162,0.5758541941456052,0.7085208367835466,0.7182978676484433,0.6788321677218729
0.644364860954457,0.6693750185555505,0.6376779276078686,0.6010076920834103,0.5810410580432074,0.7085208367835466,0.7182978676484433,0.6788321677218729
0.6578469562868982,0.6778304990323757,0.6501846351820209,0.6057698375822566,0.5900513190638722,0.7085208367835466,0.7182978676484433,0.6788321677218729
0.6481813184369561,0.6702134387708458,0.6384766458906448,0.600665915993129,0.5833887462610556,0.7085208367835466,0.7182978676484433,0.6788321677218729
0.6635113871050379,0.6802395178718322,0.6635113871050379,0.612795325595323,0.606409326276981,0.7085208367835466,0.7182978676484433,0.6788321677218729
0.655060050691398,0.6949641963503783,0.6618395213368323,0.6164218799968516,0.6037048607164253,0.7085208367835466,0.7182978676484433,0.6788321677218729
0.6408990118406874,0.6799405126835399,0.6475319244001936,0.6045249484137422,0.5855578242547088,0.7085208367835466,0.7182978676484433,0.6788321677218729
0.655060050691398,0.6908825555660564,0.6618395213368323,0.614269696090083,0.6022771934541546,0.7085208367835466,0.7182978676484433,0.6788321677218729
0.6566161569541191,0.684535489240424,0.6566161569541191,0.6104867699769235,0.5976434731766445,0.7085208367835466,0.7182978676484433,0.6788321677218729
0.6483189139930102,0.6837727741884763,0.6550286179990115,0.6119932571553496,0.5940456485839362,0.7085208367835466,0.7182978676484433,0.6788321677218729
0.655060050691398,0.6949641963503783,0.6618395213368323,0.6204586639429026,0.6078261086656261,0.7085208367835466,0.7182978676484433,0.6788321677218729
0.6636464521843597,0.6868734851443636,0.6541344446436964,0.6115209893626031,0.5958133638998251,0.7085208367835466,0.7182978676484433,0.6788321677218729
0.6337277384198722,0.6723323884139474,0.6402864326881004,0.599048597961533,0.5859546462256818,0.7085208367835466,0.7182978676484433,0.6788321677218729
0.6337277384198722,0.6723323884139474,0.6402864326881004,0.5975287376635793,0.5844007332709432,0.7085208367835466,0.7182978676484433,0.6788321677218729
0.655060050691398,0.6949641963503783,0.6622264395632,0.6132205398013987,0.6004357210793709,0.7085208367835466,0.7182978676484433,0.6788321677218729
0.6566161569541191,0.684535489240424,0.6566161569541191,0.6099687953604603,0.5971143575792468,0.7085208367835466,0.7182978676484433,0.6788321677218729
0.6483189139930102,0.6878124113451128,0.6550286179990115,0.6127500961323782,0.5940456485839362,0.7085208367835466,0.7182978676484433,0.6788321677218729
0.6318253310393916,0.6539386531866191,0.6287418337030933,0.5904470740305374,0.5779609959074049,0.7085208367835466,0.7182978676484433,0.6788321677218729
0.7015430619762352,0.7417100127837866,0.7107680744168009,0.6672638052000996,0.6648993684208904,0.7085208367835466,0.7182978676484433,0.6788321677218729
0.655060050691398,0.6949641963503783,0.6618395213368323,0.6175492802564633,0.6048559648867334,0.7085208367835466,0.7182978676484433,0.6788321677218729
0.655060050691398,0.6949641963503783,0.6618395213368323,0.6144161461896809,0.6016567338710377,0.7085208367835466,0.7182978676484433,0.6788321677218729
0.6449107694416384,0.6723323884139474,0.6402864326881004,0.6031422357580144,0.5876655534039638,0.7085208367835466,0.7182978676484433,0.6788321677218729
0.6440472173048034,0.6587360528946775,0.6440472173048033,0.5999815858653056,0.5946153729406396,0.7085208367835466,0.7182978676484433,0.6788321677218729
0.6680668016971322,0.688360794640267,0.6555508632304636,0.6130206659409588,0.5974929287240801,0.7085208367835466,0.7182978676484433,0.6788321677218729
0.6504658394161583,0.6755382493246966,0.643339489898508,0.6053457095393283,0.5892784839684675,0.7085208367835466,0.7182978676484433,0.6788321677218729
0.6647562709748744,0.6871742295785715,0.6544208544377925,0.6099761201668346,0.5950258491759813,0.7085208367835466,0.7182978676484433,0.6788321677218729
0.6426601568888517,0.6645046092166593,0.6330381480407612,0.5942607456379918,0.5721858767968611,0.7085208367835466,0.7182978676484433,0.6788321677218729
0.6571340262375913,0.6792949354918524,0.646917117908325,0.6074875833648156,0.5903602910100267,0.7085208367835466,0.7182978676484433,0.6788321677218729
0.6504658394161583,0.6755382493246966,0.643339489898508,0.6053457095393283,0.5892784839684675,0.7085208367835466,0.7182978676484433,0.6788321677218729
0.655060050691398,0.6949641963503783,0.6618395213368323,0.6150237337219009,0.6022771934541546,0.7085208367835466,0.7182978676484433,0.6788321677218729
0.658981861435575,0.6853905495734646,0.6589818614355749,0.6109127076162769,0.5980785575832295,0.7085208367835466,0.7182978676484433,0.6788321677218729
0.655060050691398,0.6949641963503783,0.6618395213368323,0.6157180181865908,0.603636153664026,0.7085208367835466,0.7182978676484433,0.6788321677218729
0.6566161569541191,0.684535489240424,0.6566161569541191,0.6104867699769235,0.5976434731766445,0.7085208367835466,0.7182978676484433,0.6788321677218729
0.6504658394161583,0.6755382493246966,0.643339489898508,0.605302789559925,0.5891275193127675,0.7085208367835466,0.7182978676484433,0.6788321677218729
0.658981861435575,0.6813651364154644,0.6589818614355749,0.6115109192569692,0.599463228722925,0.7085208367835466,0.7182978676484433,0.6788321677218729
0.6401308357861316,0.6609003696551982,0.6376902762795502,0.5973843840405104,0.5846654096797246,0.7085208367835466,0.7182978676484433,0.6788321677218729
0.6496504396449958,0.677273589490302,0.6496504396449958,0.6076879055931698,0.5918369793386481,0.7085208367835466,0.7182978676484433,0.6788321677218729
0.6449107694416384,0.6723323884139474,0.6402864326881004,0.6030633549880531,0.5874194393077726,0.7085208367835466,0.7182978676484433,0.6788321677218729
0.6680668016971322,0.688360794640267,0.6555508632304636,0.6104891767913382,0.5948953672570897,0.7085208367835466,0.7182978676484433,0.6788321677218729
0.6280252967166637,0.6522327288645915,0.6211448004643991,0.5888288802429585,0.5742276169099368,0.7085208367835466,0.7182978676484433,0.6788321677218729
0.6424541457437436,0.6815903803285198,0.6494826254012063,0.6098775723552388,0.5860270554521048,0.7085208367835466,0.7182978676484433,0.6788321677218729
0.6577585425074111,0.6799405126835399,0.6475319244001936,0.608777124242917,0.5886212198126503,0.7085208367835466,0.7182978676484433,0.6788321677218729
0.6566161569541191,0.684535489240424,0.6566161569541191,0.6090533175021391,0.5961791410927985,0.7085208367835466,0.7182978676484433,0.6788321677218729
0.6409785642422013,0.6656852841518767,0.6400358568609841,0.59927013625168,0.5876747896815097,0.7085208367835466,0.7182978676484433,0.6788321677218729
0.6345652784103021,0.6615470068945234,0.6345652784103021,0.5953179461914949,0.5826675732802429,0.7085208367835466,0.7182978676484433,0.6788321677218729
0.655060050691398,0.6949641963503783,0.6618395213368323,0.6150237337219009,0.6022771934541546,0.7085208367835466,0.7182978676484433,0.6788321677218729
0.7189098743573676,0.7348325561513857,0.7041775248445361,0.6621648802544774,0.6586303361180065,0.7085208367835466,0.7182978676484433,0.6788321677218729
0.655060050691398,0.6949641963503783,0.6618395213368323,0.6135434480583913,0.6007655011476319,0.7085208367835466,0.7182978676484433,0.6788321677218729
0.6378216068563799,0.659331232268534,0.6339266320688577,0.5942258982894378,0.5801856715245857,0.7085208367835466,0.7182978676484433,0.6788321677218729
0.655060050691398,0.6949641963503783,0.6622264395632,0.6151412840749542,0.6023972311416852,0.7085208367835466,0.7182978676484433,0.6788321677218729
0.655060050691398,0.6949641963503783,0.6618395213368323,0.6136899907819432,0.6009151599849407,0.7085208367835466,0.7182978676484433,0.6788321677218729
0.6617350715166064,0.690390080568054,0.6685836245426474,0.6212188578894898,0.6149203438834548,0.7085208367835466,0.7182978676484433,0.6788321677218729
0.655060050691398,0.6949641963503783,0.6618395213368323,0.6144376391119356,0.6016786825800253,0.7085208367835466,0.7182978676484433,0.6788321677218729
0.6504658394161583,0.6755382493246966,0.643339489898508,0.6053457095393283,0.5892784839684675,0.7085208367835466,0.7182978676484433,0.6788321677218729
0.655060050691398,0.6949641963503783,0.6618395213368323,0.6150237337219009,0.6022771934541546,0.7085208367835466,0.7182978676484433,0.6788321677218729
0.655060050691398,0.6949641963503783,0.6618395213368323,0.6150237337219009,0.6022771934541546,0.7085208367835466,0.7182978676484433,0.6788321677218729
0.6312068279667872,0.6555368932351745,0.6242914756124557,0.5892018679225965,0.5756211054482514,0.7085208367835466,0.7182978676484433,0.6788321677218729
0.6636464521843597,0.6868734851443636,0.6541344446436964,0.6140609423624539,0.5984199905632109,0.7085208367835466,0.7182978676484433,0.6788321677218729
0.604752625777466,0.6280630055206466,0.5984767706761214,0.5691001904081585,0.5568303819804332,0.7085208367835466,0.7182978676484433,0.6788321677218729
0.6452301494619997,0.684535489240424,0.6519078866453463,0.605647003080344,0.5926988417855967,0.7085208367835466,0.7182978676484433,0.6788321677218729
0.6350094768811534,0.657234241288296,0.6319104399570307,0.5921484526866725,0.5780677846026074,0.7085208367835466,0.7182978676484433,0.6788321677218729
0.655060050691398,0.6949641963503783,0.6618395213368323,0.6175492802564633,0.6048559648867334,0.7085208367835466,0.7182978676484433,0.6788321677218729
0.655060050691398,0.6949641963503783,0.6618395213368323,0.6150237337219009,0.6022771934541546,0.7085208367835466,0.7182978676484433,0.6788321677218729
0.6345652784103021,0.6615470068945234,0.6345652784103021,0.5948471558614749,0.5813839686723021,0.7085208367835466,0.7182978676484433,0.6788321677218729
0.6492587806465112,0.6889875097314789,0.6563617033413601,0.6130551355549817,0.5949640826864455,0.7085208367835466,0.7182978676484433,0.6788321677218729
0.6620330607636215,0.682320021358184,0.6500099422950532,0.6094081743342863,0.5878514769096927,0.7085208367835466,0.7182978676484433,0.6788321677218729
0.6648940445530109,0.6931653527875995,0.6648940445530109,0.611970052395316,0.6056210117047517,0.7085208367835466,0.7182978676484433,0.6788321677218729
0.655060050691398,0.6949641963503783,0.6618395213368323,0.6176822298424329,0.6049917038909752,0.7085208367835466,0.7182978676484433,0.6788321677218729
0.655060050691398,0.6949641963503783,0.6618395213368323,0.6150237337219009,0.6022771934541546,0.7085208367835466,0.7182978676484433,0.6788321677218729
0.6680668016971322,0.688360794640267,0.6555508632304636,0.6113130607399831,0.5957408171645354,0.7085208367835466,0.7182978676484433,0.6788321677218729
0.6529782379033394,0.6793218121797641,0.6529782379033393,0.6080533424219794,0.5900090487547686,0.7085208367835466,0.7182978676484433,0.6788321677218729
0.655060050691398,0.6949641963503783,0.6618395213368323,0.6144376391119356,0.6016786825800253,0.7085208367835466,0.7182978676484433,0.6788321677218729
0.6360970740305134,0.6575485420289068,0.6322126304194279,0.5912105930464827,0.5758802776115718,0.7085208367835466,0.7182978676484433,0.6788321677218729
0.6426060962796589,0.6642770717843417,0.632615063529297,0.5966021738651773,0.5798740946693611,0.7085208367835466,0.7182978676484433,0.6788321677218729
0.6566161569541191,0.684535489240424,0.6566161569541191,0.6118952830464395,0.5990821831170309,0.7085208367835466,0.7182978676484433,0.6788321677218729
0.655060050691398,0.6949641963503783,0.6618395213368323,0.6176822298424329,0.6049917038909752,0.7085208367835466,0.7182978676484433,0.6788321677218729
0.655060050691398,0.6949641963503783,0.6618395213368323,0.6164218799968516,0.6037048607164253,0.7085208367835466,0.7182978676484433,0.6788321677218729
0.6680668016971322,0.688360794640267,0.6555508632304636,0.6118298973036966,0.596271151607416,0.7085208367835466,0.7182978676484433,0.6788321677218729
0.655060050691398,0.6949641963503783,0.6618395213368323,0.6150237337219009,0.6022771934541546,0.7085208367835466,0.7182978676484433,0.6788321677218729
0.658981861435575,0.6853905495734646,0.6589818614355749,0.6122183571863817,0.59941216336489,0.7085208367835466,0.7182978676484433,0.6788321677218729
0.6173147106565156,0.6411092999035746,0.6149611397903424,0.5808937055403421,0.5693656639609507,0.7085208367835466,0.7182978676484433,0.6788321677218729
0.7071158825926467,0.7213767292044164,0.7071158825926467,0.6590584613105555,0.656594702422756,0.7085208367835466,0.7182978676484433,0.6788321677218729
0.6200610912389195,0.6450766652118325,0.6200610912389193,0.5831466620787197,0.5685381012337648,0.7085208367835466,0.7182978676484433,0.6788321677218729
0.6367495220192766,0.6755382493246966,0.643339489898508,0.6033100978577477,0.5903106799736141,0.7085208367835466,0.7182978676484433,0.6788321677218729
0.6496504396449958,0.677273589490302,0.6496504396449958,0.6067798305529605,0.5893472116478864,0.7085208367835466,0.7182978676484433,0.6788321677218729
0.6345652784103021,0.6615470068945234,0.6345652784103021,0.5963381284696216,0.5854731982666501,0.7085208367835466,0.7182978676484433,0.6788321677218729
0.6492561783718844,0.6889847482213258,0.6563590725977221,0.6143638054621966,0.5957466601926142,0.7085208367835466,0.7182978676484433,0.6788321677218729
0.6345652784103021,0.6615470068945234,0.6345652784103021,0.5928089817179779,0.5811908040472535,0.7085208367835466,0.7182978676484433,0.6788321677218729
0.6504658394161583,0.6715707003713933,0.6437155928152407,0.6050604055452653,0.5892502357604713,0.7085208367835466,0.7182978676484433,0.6788321677218729
0.6566161569541191,0.684535489240424,0.6566161569541191,0.6126525453437268,0.6002421524140824,0.7085208367835466,0.7182978676484433,0.6788321677218729
0.6427467455280035,0.667521620540228,0.6357049645728713,0.5993208134968067,0.5849942945468198,0.7085208367835466,0.7182978676484433,0.6788321677218729
0.6492561783718844,0.6889847482213258,0.6563590725977221,0.6130286267432421,0.5943696618059908,0.7085208367835466,0.7182978676484433,0.6788321677218729
0.655060050691398,0.6949641963503783,0.6618395213368323,0.6164218799968516,0.6037048607164253,0.7085208367835466,0.7182978676484433,0.6788321677218729
0.6451987851307432,0.6566933067066525,0.6359511869718284,0.5984956546597607,0.5853913215170754,0.7085208367835466,0.7182978676484433,0.6788321677218729
0.6492561783718844,0.6889847482213258,0.6563590725977221,0.6130286267432421,0.5943696618059908,0.7085208367835466,0.7182978676484433,0.6788321677218729
0.655060050691398,0.6949641963503783,0.6618395213368323,0.6167744838268633,0.6047137273045571,0.7085208367835466,0.7182978676484433,0.6788321677218729
0.655060050691398,0.6949641963503783,0.6618395213368323,0.6174099669399455,0.6047137273045571,0.7085208367835466,0.7182978676484433,0.6788321677218729
0.6630738175018894,0.7034661359898269,0.6699362257296014,0.6177221214761329,0.6114328124581928,0.7085208367835466,0.7182978676484433,0.6788321677218729
0.6566161569541191,0.684535489240424,0.6566161569541191,0.6104867699769235,0.5976434731766445,0.7085208367835466,0.7182978676484433,0.6788321677218729
0.6504658394161583,0.6755382493246966,0.643339489898508,0.6051069369729327,0.5885907483202989,0.7085208367835466,0.7182978676484433,0.6788321677218729
0.6680668016971322,0.688360794640267,0.6555508632304636,0.6118298973036966,0.596271151607416,0.7085208367835466,0.7182978676484433,0.6788321677218729
0.6504658394161583,0.6755382493246966,0.643339489898508,0.6053414344440528,0.5892333956593934,0.7085208367835466,0.7182978676484433,0.6788321677218729
0.655060050691398,0.6949641963503783,0.6618395213368323,0.6176822298424329,0.6049917038909752,0.7085208367835466,0.7182978676484433,0.6788321677218729
0.658981861435575,0.6853905495734646,0.6589818614355749,0.6094676263125717,0.5966023904049209,0.7085208367835466,0.7182978676484433,0.6788321677218729
0.6449107694416384,0.6723323884139474,0.6402864326881004,0.6040170520670369,0.5900567060414277,0.7085208367835466,0.7182978676484433,0.6788321677218729
0.6426060962796589,0.6642770717843417,0.632615063529297,0.5964550426007733,0.5795027220451251,0.7085208367835466,0.7182978676484433,0.6788321677218729
0.6483189139930102,0.6878124113451128,0.6550286179990115,0.6121618247052493,0.5934388358691494,0.7085208367835466,0.7182978676484433,0.6788321677218729
0.6504658394161583,0.6755382493246966,0.643339489898508,0.6047821439683714,0.5877333590007697,0.7085208367835466,0.7182978676484433,0.6788321677218729
0.655060050691398,0.6949641963503783,0.6618395213368323,0.6174099669399455,0.6047137273045571,0.7085208367835466,0.7182978676484433,0.6788321677218729
0.6566161569541191,0.684535489240424,0.6566161569541191,0.6104867699769235,0.5976434731766445,0.7085208367835466,0.7182978676484433,0.6788321677218729
0.6449107694416384,0.6723323884139474,0.6402864326881004,0.6043213503292267,0.5915202948997874,0.7085208367835466,0.7182978676484433,0.6788321677218729
0.6312068279667872,0.6555368932351745,0.6242914756124557,0.5882469846952745,0.5729765431291615,0.7085208367835466,0.7182978676484433,0.6788321677218729
0.6483189139930102,0.6878124113451128,0.6550286179990115,0.6127500961323782,0.5940456485839362,0.7085208367835466,0.7182978676484433,0.6788321677218729
0.6504658394161583,0.6715707003713933,0.643339489898508,0.605058532699679,0.5892784839684675,0.7085208367835466,0.7182978676484433,0.6788321677218729
0.6647562709748744,0.6871742295785715,0.6544208544377925,0.6098748607607749,0.5949203188217446,0.7085208367835466,0.7182978676484433,0.6788321677218729
0.6345652784103021,0.6615470068945234,0.6345652784103021,0.5928089817179779,0.5811908040472535,0.7085208367835466,0.7182978676484433,0.6788321677218729
0.658981861435575,0.6853905495734646,0.6589818614355749,0.6094676263125717,0.5966023904049209,0.7085208367835466,0.7182978676484433,0.6788321677218729
0.6367495220192766,0.6755382493246966,0.643339489898508,0.600923015213819,0.5878708148287795,0.7085208367835466,0.7182978676484433,0.6788321677218729
0.6663041994173273,0.6865446494540688,0.6585433719472414,0.612784552268845,0.6037335592624338,0.7085208367835466,0.7182978676484433,0.6788321677218729
0.6719564621531687,0.69547433803836,0.6623253477036594,0.6142347651759571,0.6050667987893137,0.7085208367835466,0.7182978676484433,0.6788321677218729
0.6750049214010423,0.6839624346147523,0.6623590003052896,0.6141334040656584,0.6050568867505715,0.7085208367835466,0.7182978676484433,0.6788321677218729
0.6312068279667872,0.6555368932351745,0.6242914756124557,0.5886801300942174,0.5741958453195045,0.7085208367835466,0.7182978676484433,0.6788321677218729
0.6483189139930102,0.6878124113451128,0.6550286179990115,0.6127500961323782,0.5940456485839362,0.7085208367835466,0.7182978676484433,0.6788321677218729
0.6647562709748744,0.6871742295785715,0.6544208544377925,0.611318625679984,0.5964002867724464,0.7085208367835466,0.7182978676484433,0.6788321677218729
0.655060050691398,0.6949641963503783,0.6618395213368323,0.6150237337219009,0.6022771934541546,0.7085208367835466,0.7182978676484433,0.6788321677218729
0.6449107694416384,0.6723323884139474,0.6402864326881004,0.6025597182568164,0.5860698672960482,0.7085208367835466,0.7182978676484433,0.6788321677218729
0.6492561783718844,0.6889847482213258,0.6563590725977221,0.6155623589131759,0.5969825921912767,0.7085208367835466,0.7182978676484433,0.6788321677218729
0.6566161569541191,0.684535489240424,0.6566161569541191,0.6111862082829194,0.5990129458416812,0.7085208367835466,0.7182978676484433,0.6788321677218729
0.655060050691398,0.6949641963503783,0.6618395213368323,0.6150237337219009,0.6022771934541546,0.7085208367835466,0.7182978676484433,0.6788321677218729
0.655060050691398,0.6949641963503783,0.6618395213368323,0.6144376391119356,0.6016786825800253,0.7085208367835466,0.7182978676484433,0.6788321677218729
0.6353644587296611,0.6567912203203018,0.6254860166290722,0.5915573687305448,0.5713198583237831,0.7085208367835466,0.7182978676484433,0.6788321677218729
0.655060050691398,0.6949641963503783,0.6618395213368323,0.6146110872629503,0.601855807731662,0.7085208367835466,0.7182978676484433,0.6788321677218729
0.6352858919053361,0.6488192628168664,0.6283258502935994,0.5944520395978874,0.5848193285834097,0.7085208367835466,0.7182978676484433,0.6788321677218729
0.6492561783718844,0.6889847482213258,0.6563590725977221,0.6156957375429829,0.597120120995148,0.7085208367835466,0.7182978676484433,0.6788321677218729
0.6458843115206361,0.6655044627192638,0.6337839522765562,0.5980353965981406,0.5812598955380278,0.7085208367835466,0.7182978676484433,0.6788321677218729
0.655060050691398,0.6949641963503783,0.6618395213368323,0.6157853771907562,0.6037048607164253,0.7085208367835466,0.7182978676484433,0.6788321677218729
0.6427141379961081,0.6686436202514036,0.642714137996108,0.5998602908703174,0.5838765217345614,0.7085208367835466,0.7182978676484433,0.6788321677218729
0.658981861435575,0.6853905495734646,0.6589818614355749,0.6116295743276429,0.5988107889024704,0.7085208367835466,0.7182978676484433,0.6788321677218729
0.6504658394161583,0.6755382493246966,0.643339489898508,0.606898859930669,0.5934901782741923,0.7085208367835466,0.7182978676484433,0.6788321677218729
0.604236976452478,0.6299291449234828,0.604236976452478,0.5727747377906793,0.5572282762902354,0.7085208367835466,0.7182978676484433,0.6788321677218729
0.655060050691398,0.6949641963503783,0.6618395213368323,0.6174099669399455,0.6047137273045571,0.7085208367835466,0.7182978676484433,0.6788321677218729
0.6542860394688008,0.6771854663458552,0.6510929271309965,0.6058807857766884,0.5900764010562344,0.7085208367835466,0.7182978676484433,0.6788321677218729
0.655060050691398,0.6908825555660564,0.6618395213368323,0.6136828813408637,0.6016786825800253,0.7085208367835466,0.7182978676484433,0.6788321677218729
0.6457447968291278,0.667521620540228,0.6357049645728713,0.5989091515320847,0.5817572514890798,0.7085208367835466,0.7182978676484433,0.6788321677218729
0.655060050691398,0.6949641963503783,0.6618395213368323,0.6163545905536149,0.603636153664026,0.7085208367835466,0.7182978676484433,0.6788321677218729
0.6635113871050379,0.6802395178718322,0.6635113871050379,0.6129182904494982,0.6065335857903993,0.7085208367835466,0.7182978676484433,0.6788321677218729
0.6426060962796589,0.6642770717843417,0.632615063529297,0.5966427030314111,0.5800158705594667,0.7085208367835466,0.7182978676484433,0.6788321677218729
0.655060050691398,0.6949641963503783,0.6618395213368323,0.6150237337219009,0.6022771934541546,0.7085208367835466,0.7182978676484433,0.6788321677218729
0.6352348381543503,0.6528005709109499,0.6298749335498689,0.590815215318724,0.5769587532361024,0.7085208367835466,0.7182978676484433,0.6788321677218729
0.6318342990514118,0.6571550490370351,0.6318342990514116,0.5902872151188926,0.5810470611511129,0.7085208367835466,0.7182978676484433,0.6788321677218729
0.6647562709748744,0.6871742295785715,0.6544208544377925,0.6113179658975113,0.5964013325294338,0.7085208367835466,0.7182978676484433,0.6788321677218729
0.6504658394161583,0.6755382493246966,0.643339489898508,0.605302789559925,0.5891275193127675,0.7085208367835466,0.7182978676484433,0.6788321677218729
0.655060050691398,0.6949641963503783,0.6618395213368323,0.6174099669399455,0.6047137273045571,0.7085208367835466,0.7182978676484433,0.6788321677218729
0.6620330607636215,0.682320021358184,0.6500099422950532,0.6111445426865129,0.591132212548513,0.7085208367835466,0.7182978676484433,0.6788321677218729
0.6635113871050379,0.6802395178718322,0.6635113871050379,0.6154634474063998,0.609105421924312,0.7085208367835466,0.7182978676484433,0.6788321677218729
0.6545516456121035,0.6766254677571656,0.6490287520797203,0.6053683675069392,0.590335213639867,0.7085208367835466,0.7182978676484433,0.6788321677218729
0.6529782379033394,0.6793218121797641,0.6529782379033393,0.6080533424219794,0.5900090487547686,0.7085208367835466,0.7182978676484433,0.6788321677218729
0.655060050691398,0.6949641963503783,0.6618395213368323,0.6150237337219009,0.6022771934541546,0.7085208367835466,0.7182978676484433,0.6788321677218729
0.6647562709748744,0.6871742295785715,0.6544208544377925,0.6098748607607749,0.5949203188217446,0.7085208367835466,0.7182978676484433,0.6788321677218729
0.6658847681316502,0.6810716544624675,0.6658847681316501,0.6119031965709599,0.6055077884701261,0.7085208367835466,0.7182978676484433,0.6788321677218729
0.6566161569541191,0.684535489240424,0.6566161569541191,0.6104867699769235,0.5976434731766445,0.7085208367835466,0.7182978676484433,0.6788321677218729
0.655060050691398,0.6949641963503783,0.6618395213368323,0.6150022612823125,0.6022552665574153,0.7085208367835466,0.7182978676484433,0.6788321677218729
0.6506190632778472,0.6784586573117836,0.6506190632778472,0.6072540762689596,0.589137533304093,0.7085208367835466,0.7182978676484433,0.6788321677218729
0.6566161569541191,0.684535489240424,0.6566161569541191,0.6104867699769235,0.5976434731766445,0.7085208367835466,0.7182978676484433,0.6788321677218729
0.6449107694416384,0.6723323884139474,0.6402864326881004,0.6025597182568164,0.5860698672960482,0.7085208367835466,0.7182978676484433,0.6788321677218729
0.655060050691398,0.6949641963503783,0.6618395213368323,0.6136008802835377,0.6008241548061443,0.7085208367835466,0.7182978676484433,0.6788321677218729
0.6457447968291278,0.667521620540228,0.6357049645728713,0.5988657702525964,0.5816043345811379,0.7085208367835466,0.7182978676484433,0.6788321677218729
0.6449107694416384,0.6723323884139474,0.6402864326881004,0.6028667748791473,0.586881106079666,0.7085208367835466,0.7182978676484433,0.6788321677218729
0.655060050691398,0.6949641963503783,0.6618395213368323,0.6150237337219009,0.6022771934541546,0.7085208367835466,0.7182978676484433,0.6788321677218729
0.655060050691398,0.6949641963503783,0.6618395213368323,0.6145095833572183,0.6017521522617493,0.7085208367835466,0.7182978676484433,0.6788321677218729
0.658981861435575,0.6853905495734646,0.6589818614355749,0.6109289501329286,0.5980951486379972,0.7085208367835466,0.7182978676484433,0.6788321677218729
